,Area,BHK,Bathroom,Furnishing,Locality,Price,Transaction,Type,Per_Sqft
0,800.0,3,2.0,Semi-Furnished,Other,6500000.0,New_Property,Builder_Floor,11291.5
1,750.0,2,2.0,Semi-Furnished,"J R Designers Floors, Rohini Sector 24",5000000.0,New_Property,Apartment,6667.0
2,950.0,2,2.0,Furnished,Other,15500000.0,Resale,Apartment,6667.0
3,600.0,2,2.0,Semi-Furnished,Rohini Sector 24,4200000.0,Resale,Builder_Floor,6667.0
4,650.0,2,2.0,Semi-Furnished,Rohini Sector 24,6200000.0,New_Property,Builder_Floor,6667.0
5,1300.0,4,3.0,Semi-Furnished,Rohini Sector 24,15500000.0,New_Property,Builder_Floor,6667.0
6,1350.0,4,3.0,Semi-Furnished,Rohini Sector 24,10000000.0,Resale,Builder_Floor,6667.0
7,650.0,2,2.0,Semi-Furnished,Other,4000000.0,New_Property,Apartment,6154.0
8,985.0,3,3.0,Unfurnished,Other,6800000.0,New_Property,Builder_Floor,6154.0
9,1300.0,4,4.0,Semi-Furnished,Other,15000000.0,New_Property,Builder_Floor,6154.0
10,1100.0,3,2.0,Semi-Furnished,Other,6200000.0,New_Property,Builder_Floor,6154.0
11,870.0,3,2.0,Semi-Furnished,Other,7700000.0,New_Property,Builder_Floor,6154.0
12,630.0,2,2.0,Semi-Furnished,Rohini Sector 24,5500000.0,New_Property,Builder_Floor,6154.0
13,660.0,2,2.0,Semi-Furnished,Rohini Sector 24,5000000.0,Resale,Builder_Floor,6154.0
15,660.0,2,2.0,Semi-Furnished,Other,4700000.0,New_Property,Builder_Floor,6154.0
16,550.0,2,2.0,Semi-Furnished,Other,4500000.0,New_Property,Builder_Floor,6154.0
17,1100.0,4,3.0,Semi-Furnished,Other,17000000.0,New_Property,Builder_Floor,6154.0
18,1150.0,3,3.0,Semi-Furnished,Other,25000000.0,Resale,Apartment,6154.0
19,650.0,2,2.0,Semi-Furnished,Rohini Sector 24,6000000.0,Resale,Builder_Floor,6154.0
20,850.0,2,2.0,Semi-Furnished,Other,11000000.0,Resale,Apartment,6154.0
21,900.0,3,2.0,Semi-Furnished,Other,4500000.0,Resale,Builder_Floor,6154.0
22,430.556,1,1.0,Furnished,Other,5300000.0,Resale,Apartment,6154.0
23,900.0,2,2.0,Semi-Furnished,Other,10500000.0,Resale,Apartment,6154.0
24,914.9315,2,2.0,Semi-Furnished,Other,12000000.0,Resale,Builder_Floor,6154.0
25,1100.0,3,3.0,Furnished,Other,7000000.0,New_Property,Builder_Floor,6364.0
26,800.0,3,2.0,Semi-Furnished,Other,7000000.0,Resale,Builder_Floor,8750.0
27,500.0,1,1.0,Semi-Furnished,Other,3400000.0,Resale,Apartment,8750.0
29,2160.0,4,4.0,Furnished,Other,21000000.0,New_Property,Builder_Floor,9722.0
30,1500.0,1,2.0,Unfurnished,Lajpat Nagar 2,13500000.0,Resale,Apartment,11291.5
31,800.0,2,2.0,Unfurnished,Other,15000000.0,New_Property,Builder_Floor,11291.5
32,900.0,2,2.0,Unfurnished,Other,10500000.0,New_Property,Builder_Floor,11291.5
33,1080.0,3,2.0,Semi-Furnished,Other,22500000.0,New_Property,Builder_Floor,11291.5
34,750.0,2,2.0,Unfurnished,Other,13600000.0,New_Property,Builder_Floor,11291.5
35,1450.0,3,3.0,Semi-Furnished,Lajpat Nagar 3,30000000.0,New_Property,Builder_Floor,11291.5
36,900.0,2,2.0,Semi-Furnished,Other,13500000.0,New_Property,Apartment,11291.5
37,810.0,2,2.0,Semi-Furnished,Other,8910000.0,Resale,Builder_Floor,11291.5
38,1350.0,3,4.0,Unfurnished,Other,25000000.0,Resale,Apartment,11291.5
39,1710.0,3,3.0,Semi-Furnished,Lajpat Nagar 2,26000000.0,New_Property,Builder_Floor,11291.5
40,1650.0,3,3.0,Semi-Furnished,Other,30000000.0,Resale,Builder_Floor,11291.5
41,1280.0,2,2.0,Furnished,Other,12500000.0,Resale,Builder_Floor,11291.5
42,1260.0,3,3.0,Semi-Furnished,Lajpat Nagar 3,21000000.0,Resale,Builder_Floor,11291.5
43,1130.0,2,2.0,Unfurnished,Other,7800000.0,Resale,Builder_Floor,11291.5
44,600.0,2,2.0,Semi-Furnished,Other,11500000.0,New_Property,Builder_Floor,11291.5
45,850.0,2,2.0,Semi-Furnished,Other,11500000.0,Resale,Builder_Floor,11291.5
46,1500.0,3,3.0,Semi-Furnished,Lajpat Nagar 2,26000000.0,New_Property,Builder_Floor,11291.5
47,900.0,2,2.0,Semi-Furnished,Other,13000000.0,New_Property,Builder_Floor,14444.0
48,1000.0,3,3.0,Semi-Furnished,Other,22000000.0,New_Property,Builder_Floor,22000.0
49,900.0,2,2.0,Semi-Furnished,Lajpat Nagar 2,15800000.0,New_Property,Builder_Floor,22000.0
51,900.0,2,2.0,Unfurnished,Other,10000000.0,Resale,Builder_Floor,22000.0
52,1600.0,3,3.0,Unfurnished,Lajpat Nagar 3,30000000.0,New_Property,Builder_Floor,22000.0
53,1143.0,3,3.0,Unfurnished,Other,22000000.0,New_Property,Builder_Floor,22000.0
54,1150.0,3,3.0,Semi-Furnished,Other,24000000.0,New_Property,Builder_Floor,22000.0
55,1500.0,3,3.0,Semi-Furnished,Lajpat Nagar 3,31500000.0,Resale,Builder_Floor,22000.0
56,850.0,2,2.0,Semi-Furnished,Lajpat Nagar 2,14600000.0,Resale,Builder_Floor,22000.0
58,890.0,2,2.0,Semi-Furnished,Other,8300000.0,Resale,Builder_Floor,22000.0
59,1100.0,3,3.0,Unfurnished,Other,22500000.0,New_Property,Builder_Floor,22000.0
60,750.0,1,1.0,Furnished,Other,4600000.0,Resale,Apartment,11291.5
61,850.0,2,1.0,Semi-Furnished,Other,1900000.0,New_Property,Apartment,2235.0
62,1350.0,3,2.0,Unfurnished,Other,5130000.0,New_Property,Apartment,3800.0
63,1387.0,4,4.0,Unfurnished,Other,5890000.0,New_Property,Apartment,4247.0
64,1050.0,3,2.0,Unfurnished,Other,3700000.0,New_Property,Apartment,3524.0
65,1500.0,3,2.0,Unfurnished,Other,17400000.0,Resale,Apartment,3524.0
66,1200.0,3,3.0,Semi-Furnished,Other,15500000.0,Resale,Apartment,3524.0
67,700.0,2,1.0,Semi-Furnished,Other,2400000.0,New_Property,Apartment,3524.0
68,1700.0,3,2.0,Semi-Furnished,Other,17200000.0,Resale,Apartment,3524.0
69,1550.0,3,2.0,Furnished,Other,14200000.0,Resale,Apartment,3524.0
70,1400.0,3,3.0,Semi-Furnished,Other,13500000.0,Resale,Apartment,3524.0
71,1900.0,4,4.0,Semi-Furnished,Other,30000000.0,Resale,Apartment,3524.0
72,2160.0,4,3.0,Unfurnished,Other,21000000.0,Resale,Apartment,3524.0
73,1700.0,4,3.0,Unfurnished,Other,20500000.0,Resale,Apartment,3524.0
74,1850.0,3,4.0,Semi-Furnished,Other,24000000.0,Resale,Apartment,3524.0
75,1800.0,4,2.0,Semi-Furnished,Other,16500000.0,Resale,Apartment,3524.0
76,1620.0,3,2.0,Semi-Furnished,Other,14900000.0,Resale,Apartment,3524.0
77,1800.0,4,3.0,Furnished,Other,19200000.0,Resale,Apartment,3524.0
78,1540.0,3,3.0,Semi-Furnished,Other,14500000.0,Resale,Apartment,3524.0
79,1600.0,3,3.0,Semi-Furnished,Other,15600000.0,Resale,Apartment,3524.0
80,1400.0,3,2.0,Unfurnished,Other,11400000.0,Resale,Apartment,3524.0
81,2300.0,4,4.0,Furnished,Other,31500000.0,Resale,Apartment,3524.0
82,1560.0,3,2.0,Furnished,Other,15800000.0,Resale,Apartment,3524.0
83,1500.0,3,3.0,Semi-Furnished,Other,16000000.0,Resale,Apartment,3524.0
84,1540.0,3,3.0,Semi-Furnished,Other,14500000.0,Resale,Apartment,3524.0
85,1050.0,2,2.0,Unfurnished,Other,10500000.0,Resale,Apartment,3524.0
86,1800.0,3,2.0,Semi-Furnished,Other,14800000.0,Resale,Apartment,3524.0
87,400.0,1,1.0,Semi-Furnished,Other,1850000.0,New_Property,Builder_Floor,3524.0
88,1150.0,3,2.0,Semi-Furnished,Other,6800000.0,New_Property,Builder_Floor,3524.0
89,1525.0,3,3.0,Semi-Furnished,Other,14200000.0,Resale,Apartment,3524.0
90,900.0,1,1.0,Semi-Furnished,Lajpat Nagar 3,8900000.0,Resale,Builder_Floor,11291.5
91,1450.0,3,3.0,Semi-Furnished,Lajpat Nagar 3,37500000.0,New_Property,Builder_Floor,11291.5
92,1450.0,3,3.0,Semi-Furnished,Lajpat Nagar 3,30000000.0,New_Property,Builder_Floor,11291.5
93,1260.0,3,3.0,Semi-Furnished,Lajpat Nagar 3,21000000.0,Resale,Builder_Floor,11291.5
95,1710.0,3,3.0,Semi-Furnished,Lajpat Nagar 3,30000000.0,Resale,Builder_Floor,11291.5
96,1600.0,3,3.0,Unfurnished,Lajpat Nagar 3,30000000.0,New_Property,Builder_Floor,11291.5
97,1500.0,3,3.0,Semi-Furnished,Lajpat Nagar 3,31500000.0,Resale,Builder_Floor,11291.5
98,2200.0,3,3.0,Unfurnished,Lajpat Nagar 3,30000000.0,Resale,Builder_Floor,11291.5
99,1350.0,3,3.0,Unfurnished,Lajpat Nagar 3,41500000.0,New_Property,Builder_Floor,11291.5
100,1710.0,3,3.0,Semi-Furnished,Lajpat Nagar 3,24800000.0,Resale,Builder_Floor,11291.5
101,1350.0,3,3.0,Semi-Furnished,Lajpat Nagar 3,35000000.0,Resale,Builder_Floor,11291.5
102,1500.0,3,3.0,Semi-Furnished,Lajpat Nagar 3,40000000.0,Resale,Builder_Floor,26666.0
103,2880.0,4,5.0,Unfurnished,Lajpat Nagar 3,46000000.0,New_Property,Builder_Floor,15972.0
108,1000.0,2,2.0,Furnished,Lajpat Nagar 3,20000000.0,Resale,Apartment,20000.0
110,1000.0,2,2.0,Furnished,Lajpat Nagar 3,20000000.0,Resale,Apartment,20000.0
111,1700.0,3,3.0,Furnished,Lajpat Nagar 3,19000000.0,Resale,Builder_Floor,20000.0
112,1600.0,3,3.0,Unfurnished,Lajpat Nagar 3,26000000.0,Resale,Builder_Floor,20000.0
113,1350.0,3,3.0,Unfurnished,Lajpat Nagar 3,21000000.0,Resale,Builder_Floor,15556.0
114,1700.0,3,3.0,Semi-Furnished,Lajpat Nagar 3,27500000.0,Resale,Builder_Floor,16176.0
115,1400.0,3,3.0,Semi-Furnished,Lajpat Nagar 3,32500000.0,New_Property,Builder_Floor,16176.0
116,1450.0,3,3.0,Semi-Furnished,Lajpat Nagar 3,45000000.0,New_Property,Builder_Floor,16176.0
117,1350.0,3,3.0,Semi-Furnished,Lajpat Nagar 3,21000000.0,Resale,Builder_Floor,15556.0
118,1700.0,3,3.0,Unfurnished,Lajpat Nagar 3,28000000.0,Resale,Builder_Floor,15556.0
119,1600.0,3,3.0,Unfurnished,Lajpat Nagar 3,29500000.0,Resale,Builder_Floor,15556.0
120,1500.0,1,2.0,Unfurnished,Lajpat Nagar 2,13500000.0,Resale,Apartment,11291.5
121,800.0,2,2.0,Unfurnished,Lajpat Nagar 2,14000000.0,New_Property,Builder_Floor,11291.5
122,1710.0,3,3.0,Semi-Furnished,Lajpat Nagar 2,26000000.0,New_Property,Builder_Floor,11291.5
123,1350.0,2,2.0,Furnished,Lajpat Nagar 2,12500000.0,Resale,Builder_Floor,9259.0
124,1500.0,3,3.0,Semi-Furnished,Lajpat Nagar 2,26000000.0,New_Property,Builder_Floor,9259.0
125,750.0,2,2.0,Semi-Furnished,Other,11500000.0,New_Property,Builder_Floor,9259.0
126,850.0,2,2.0,Semi-Furnished,Lajpat Nagar 2,14600000.0,Resale,Builder_Floor,9259.0
127,1575.0,3,3.0,Semi-Furnished,Lajpat Nagar 2,25500000.0,New_Property,Builder_Floor,9259.0
128,1675.0,3,3.0,Semi-Furnished,Lajpat Nagar 2,31000000.0,New_Property,Builder_Floor,18507.0
129,1350.0,3,3.0,Semi-Furnished,Lajpat Nagar 2,22000000.0,Resale,Builder_Floor,18507.0
130,900.0,2,2.0,Semi-Furnished,Lajpat Nagar 2,13400000.0,New_Property,Builder_Floor,18507.0
131,1800.0,3,3.0,Semi-Furnished,Lajpat Nagar 2,35000000.0,New_Property,Builder_Floor,18507.0
132,900.0,2,2.0,Furnished,Lajpat Nagar 2,11000000.0,Resale,Builder_Floor,18507.0
133,900.0,2,2.0,Unfurnished,Other,6300000.0,Resale,Builder_Floor,7000.0
134,900.0,2,2.0,Furnished,Lajpat Nagar 2,12500000.0,Resale,Builder_Floor,7000.0
135,800.0,2,2.0,Unfurnished,Lajpat Nagar 2,14500000.0,New_Property,Builder_Floor,7000.0
136,1100.0,2,3.0,Semi-Furnished,Lajpat Nagar 2,22500000.0,New_Property,Builder_Floor,7000.0
137,810.0,2,2.0,Semi-Furnished,Lajpat Nagar 2,15500000.0,New_Property,Builder_Floor,7000.0
138,1500.0,3,3.0,Semi-Furnished,Lajpat Nagar 2,26000000.0,New_Property,Builder_Floor,7000.0
139,900.0,2,2.0,Semi-Furnished,Lajpat Nagar 2,15800000.0,New_Property,Builder_Floor,7000.0
140,825.0,2,2.0,Unfurnished,Lajpat Nagar 2,15000000.0,New_Property,Builder_Floor,7000.0
141,900.0,2,2.0,Unfurnished,Lajpat Nagar 2,13000000.0,New_Property,Builder_Floor,7000.0
142,875.0,2,2.0,Unfurnished,Lajpat Nagar 2,15000000.0,New_Property,Builder_Floor,7000.0
143,1350.0,3,3.0,Semi-Furnished,Lajpat Nagar 2,25000000.0,New_Property,Builder_Floor,7000.0
144,750.0,2,2.0,Semi-Furnished,Lajpat Nagar 2,16500000.0,New_Property,Builder_Floor,7000.0
145,900.0,2,2.0,Unfurnished,Lajpat Nagar 2,10300000.0,New_Property,Builder_Floor,7000.0
146,1350.0,3,3.0,Semi-Furnished,Lajpat Nagar 2,26000000.0,New_Property,Builder_Floor,7000.0
147,900.0,2,2.0,Unfurnished,Lajpat Nagar 2,11000000.0,Resale,Builder_Floor,7000.0
148,1800.0,3,3.0,Unfurnished,Lajpat Nagar 2,28500000.0,New_Property,Builder_Floor,7000.0
149,900.0,2,2.0,Unfurnished,Lajpat Nagar 2,11000000.0,Resale,Builder_Floor,7000.0
150,900.0,2,1.0,Furnished,Budh Vihar,11000000.0,Resale,Apartment,11291.5
151,810.0,3,2.0,Semi-Furnished,Budh Vihar,4500000.0,Resale,Builder_Floor,11291.5
154,900.0,3,2.0,Semi-Furnished,Budh Vihar,4000000.0,Resale,Builder_Floor,4444.0
155,500.0,2,2.0,Semi-Furnished,Other,1650000.0,Resale,Apartment,3300.0
156,450.0,1,1.0,Furnished,Budh Vihar,2000000.0,Resale,Builder_Floor,4444.0
159,500.0,2,1.0,Semi-Furnished,Other,2000000.0,Resale,Builder_Floor,4000.0
161,400.0,1,1.0,Furnished,Budh Vihar,2000000.0,Resale,Builder_Floor,4000.0
167,666.0,1,2.0,Furnished,Other,3500000.0,Resale,Builder_Floor,5255.0
168,1000.0,2,2.0,Semi-Furnished,Other,7600000.0,Resale,Apartment,5255.0
169,1360.0,4,3.0,Semi-Furnished,Rohini Sector 24,13500000.0,New_Property,Builder_Floor,5255.0
170,1550.0,4,3.0,Semi-Furnished,Rohini Sector 24,12500000.0,New_Property,Builder_Floor,5255.0
171,850.0,3,2.0,Semi-Furnished,Other,6500000.0,New_Property,Builder_Floor,5255.0
172,2170.0,4,4.0,Unfurnished,Other,22000000.0,New_Property,Builder_Floor,5255.0
174,850.0,3,2.0,Semi-Furnished,Other,7300000.0,New_Property,Builder_Floor,5255.0
175,950.0,3,2.0,Semi-Furnished,Other,7600000.0,New_Property,Builder_Floor,5255.0
176,2300.0,4,4.0,Semi-Furnished,Other,20000000.0,New_Property,Builder_Floor,5255.0
177,1300.0,4,4.0,Semi-Furnished,Other,15000000.0,New_Property,Builder_Floor,5255.0
178,1100.0,3,2.0,Semi-Furnished,Other,6200000.0,New_Property,Builder_Floor,5255.0
179,1030.0,3,2.0,Furnished,Other,6200000.0,New_Property,Builder_Floor,5255.0
180,350.0,1,1.0,Semi-Furnished,Other,2300000.0,New_Property,Builder_Floor,11291.5
181,750.0,2,2.0,Semi-Furnished,"J R Designers Floors, Rohini Sector 24",5000000.0,New_Property,Apartment,6667.0
182,720.0,2,2.0,Semi-Furnished,"J R Designers Floors, Rohini Sector 24",4700000.0,New_Property,Apartment,6528.0
183,800.0,2,2.0,Semi-Furnished,"J R Designers Floors, Rohini Sector 24",5500000.0,New_Property,Apartment,6875.0
184,350.0,1,1.0,Semi-Furnished,"J R Designers Floors, Rohini Sector 24",2000000.0,New_Property,Apartment,5714.0
185,980.0,3,2.0,Semi-Furnished,"J R Designers Floors, Rohini Sector 24",7300000.0,New_Property,Apartment,7449.0
186,1600.0,4,3.0,Semi-Furnished,"J R Designers Floors, Rohini Sector 24",13000000.0,New_Property,Apartment,8125.0
187,1450.0,3,3.0,Semi-Furnished,"J R Designers Floors, Rohini Sector 24",11500000.0,New_Property,Apartment,7931.0
189,380.0,1,1.0,Semi-Furnished,"J R Designers Floors, Rohini Sector 24",2200000.0,New_Property,Apartment,5789.0
190,680.0,2,2.0,Semi-Furnished,"J R Designers Floors, Rohini Sector 24",4400000.0,New_Property,Apartment,6471.0
191,1600.0,3,3.0,Semi-Furnished,"J R Designers Floors, Rohini Sector 24",13500000.0,New_Property,Apartment,8438.0
192,630.0,2,2.0,Semi-Furnished,"J R Designers Floors, Rohini Sector 24",4100000.0,New_Property,Apartment,6508.0
193,1500.0,3,2.0,Semi-Furnished,"J R Designers Floors, Rohini Sector 24",12000000.0,New_Property,Apartment,8000.0
194,550.0,2,2.0,Semi-Furnished,"J R Designers Floors, Rohini Sector 24",3500000.0,New_Property,Apartment,6364.0
195,2500.0,4,3.0,Semi-Furnished,"J R Designers Floors, Rohini Sector 24",15000000.0,New_Property,Apartment,6000.0
197,300.0,1,1.0,Semi-Furnished,"J R Designers Floors, Rohini Sector 24",1900000.0,New_Property,Apartment,6333.0
198,800.0,3,2.0,Semi-Furnished,"J R Designers Floors, Rohini Sector 24",5500000.0,New_Property,Apartment,6875.0
199,1295.0,3,2.0,Semi-Furnished,"J R Designers Floors, Rohini Sector 24",10000000.0,New_Property,Apartment,6875.0
201,350.0,1,1.0,Semi-Furnished,"J R Designers Floors, Rohini Sector 24",2400000.0,New_Property,Builder_Floor,6714.0
203,2200.0,4,4.0,Semi-Furnished,"J R Designers Floors, Rohini Sector 24",23000000.0,New_Property,Builder_Floor,6714.0
204,2300.0,4,4.0,Semi-Furnished,"J R Designers Floors, Rohini Sector 24",24500000.0,New_Property,Builder_Floor,6714.0
205,1150.0,3,2.0,Semi-Furnished,"J R Designers Floors, Rohini Sector 24",10000000.0,New_Property,Builder_Floor,6714.0
206,800.0,3,2.0,Semi-Furnished,"J R Designers Floors, Rohini Sector 24",5500000.0,New_Property,Builder_Floor,6714.0
207,850.0,3,2.0,Semi-Furnished,"J R Designers Floors, Rohini Sector 24",7000000.0,New_Property,Builder_Floor,6714.0
210,750.0,2,2.0,Semi-Furnished,"J R Designers Floors, Rohini Sector 24",5000000.0,New_Property,Apartment,6667.0
212,950.0,3,2.0,Furnished,Other,4370000.0,New_Property,Apartment,4600.0
213,1000.0,3,2.0,Unfurnished,Other,4620000.0,New_Property,Apartment,4620.0
214,850.0,2,1.0,Semi-Furnished,Other,1900000.0,New_Property,Apartment,2235.0
215,2400.0,4,4.0,Semi-Furnished,Other,52250000.0,New_Property,Apartment,2235.0
216,1350.0,3,2.0,Unfurnished,Other,5130000.0,New_Property,Apartment,3800.0
217,540.0,2,2.0,Semi-Furnished,Other,3000000.0,New_Property,Apartment,5000.0
218,1387.0,4,4.0,Unfurnished,Other,5890000.0,New_Property,Apartment,4247.0
219,540.0,2,2.0,Semi-Furnished,Other,3300000.0,New_Property,Apartment,6111.0
220,976.0,2,2.0,Furnished,Other,24900000.0,New_Property,Apartment,25512.0
221,1050.0,3,2.0,Unfurnished,Other,3700000.0,New_Property,Apartment,3524.0
222,2700.0,4,3.0,Semi-Furnished,Other,52250000.0,New_Property,Builder_Floor,22222.0
223,1500.0,3,2.0,Unfurnished,Other,17400000.0,Resale,Apartment,22222.0
226,1000.0,3,2.0,Semi-Furnished,Other,5510000.0,New_Property,Builder_Floor,22222.0
227,1135.0,3,3.0,Furnished,"The Amaryllis, Karol Bagh",25000000.0,Resale,Apartment,22222.0
228,2306.0,3,3.0,Unfurnished,"The Leela Sky Villas, Patel Nagar",52250000.0,New_Property,Apartment,24718.0
229,850.0,2,2.0,Semi-Furnished,Other,2940000.0,New_Property,Apartment,24718.0
230,1200.0,3,3.0,Semi-Furnished,Other,15500000.0,Resale,Apartment,24718.0
231,1700.0,3,2.0,Semi-Furnished,Other,17200000.0,Resale,Apartment,24718.0
236,1600.0,3,3.0,Semi-Furnished,Other,30000000.0,New_Property,Builder_Floor,18750.0
237,700.0,2,2.0,Semi-Furnished,Other,2400000.0,New_Property,Builder_Floor,18750.0
250,1600.0,3,3.0,Semi-Furnished,New Friends Colony,40000000.0,Resale,Apartment,15459.0
252,2100.0,4,5.0,Semi-Furnished,New Friends Colony,52250000.0,New_Property,Builder_Floor,15459.0
254,1500.0,3,3.0,Semi-Furnished,New Friends Colony,52250000.0,New_Property,Builder_Floor,15459.0
256,2200.0,4,4.0,Semi-Furnished,Other,50000000.0,Resale,Builder_Floor,15459.0
258,2070.0,3,3.0,Semi-Furnished,Other,37500000.0,New_Property,Builder_Floor,15459.0
260,2000.0,4,4.0,Semi-Furnished,New Friends Colony,52250000.0,New_Property,Builder_Floor,15459.0
262,2550.0,4,4.0,Unfurnished,New Friends Colony,52250000.0,Resale,Builder_Floor,23529.0
264,1400.0,3,3.0,Semi-Furnished,New Friends Colony,50000000.0,New_Property,Builder_Floor,23529.0
265,2800.0,4,5.0,Semi-Furnished,New Friends Colony,52250000.0,New_Property,Builder_Floor,23529.0
266,2700.0,4,4.0,Semi-Furnished,Other,52250000.0,New_Property,Builder_Floor,23529.0
269,2799.0,4,4.0,Semi-Furnished,"Kailash Colony, Greater Kailash",52250000.0,New_Property,Builder_Floor,11291.5
270,2650.0,4,4.0,Unfurnished,"Kailash Colony, Greater Kailash",52250000.0,New_Property,Builder_Floor,11291.5
271,2200.0,4,4.0,Semi-Furnished,"Kailash Colony, Greater Kailash",47500000.0,New_Property,Builder_Floor,11291.5
273,2200.0,4,4.0,Semi-Furnished,"Kailash Colony, Greater Kailash",47500000.0,New_Property,Builder_Floor,20000.0
274,2200.0,4,4.0,Semi-Furnished,"Kailash Colony, Greater Kailash",40000000.0,New_Property,Builder_Floor,20000.0
276,1440.0,3,3.0,Semi-Furnished,"Kailash Colony, Greater Kailash",26000000.0,New_Property,Builder_Floor,20000.0
278,900.0,2,2.0,Semi-Furnished,"Kailash Colony, Greater Kailash",20000000.0,Resale,Builder_Floor,11111.0
280,1200.0,3,2.0,Semi-Furnished,"Kailash Colony, Greater Kailash",17000000.0,Resale,Builder_Floor,21409.0
282,2799.0,4,4.0,Semi-Furnished,"Kailash Colony, Greater Kailash",43000000.0,New_Property,Builder_Floor,15363.0
283,1350.0,3,3.0,Unfurnished,"Kailash Colony, Greater Kailash",26000000.0,New_Property,Builder_Floor,19259.0
284,1200.0,3,3.0,Unfurnished,"Kailash Colony, Greater Kailash",25000000.0,New_Property,Builder_Floor,20833.0
285,2177.0,4,5.0,Semi-Furnished,"Kailash Colony, Greater Kailash",51000000.0,New_Property,Builder_Floor,20833.0
286,1500.0,3,3.0,Semi-Furnished,"Kailash Colony, Greater Kailash",40000000.0,New_Property,Builder_Floor,20833.0
287,1600.0,3,3.0,Unfurnished,"Kailash Colony, Greater Kailash",22500000.0,Resale,Builder_Floor,20833.0
289,2150.0,4,4.0,Unfurnished,"Kailash Colony, Greater Kailash",45000000.0,New_Property,Builder_Floor,20930.0
290,2107.0,4,4.0,Semi-Furnished,"Kailash Colony, Greater Kailash",51100000.0,New_Property,Apartment,20930.0
291,1150.0,3,3.0,Semi-Furnished,"Kailash Colony, Greater Kailash",25500000.0,New_Property,Builder_Floor,20930.0
292,1240.0,3,3.0,Unfurnished,"Kailash Colony, Greater Kailash",26500000.0,New_Property,Builder_Floor,20930.0
293,1000.0,2,2.0,Unfurnished,"Kailash Colony, Greater Kailash",15000000.0,Resale,Builder_Floor,20930.0
295,1150.0,3,3.0,Semi-Furnished,"Kailash Colony, Greater Kailash",26000000.0,New_Property,Builder_Floor,20930.0
296,2000.0,4,4.0,Semi-Furnished,"Kailash Colony, Greater Kailash",38000000.0,Resale,Builder_Floor,20930.0
299,700.0,2,2.0,Unfurnished,Other,4600000.0,New_Property,Builder_Floor,11291.5
300,750.0,2,2.0,Semi-Furnished,Other,9200000.0,Resale,Builder_Floor,11291.5
301,1350.0,4,3.0,Unfurnished,Other,9500000.0,Resale,Apartment,11291.5
302,900.0,2,2.0,Semi-Furnished,Other,4500000.0,Resale,Builder_Floor,11291.5
303,970.0,3,2.0,Semi-Furnished,Other,6500000.0,Resale,Builder_Floor,11291.5
304,1000.0,3,2.0,Furnished,Other,5650000.0,Resale,Builder_Floor,11291.5
305,1425.0,3,3.0,Semi-Furnished,Other,9300000.0,Resale,Builder_Floor,6526.0
307,1017.0,2,2.0,Furnished,Other,6500000.0,New_Property,Builder_Floor,6526.0
308,650.0,2,2.0,Semi-Furnished,Other,5800000.0,Resale,Apartment,6526.0
309,950.0,3,2.0,Semi-Furnished,Shahdara,5500000.0,Resale,Apartment,6526.0
310,810.0,3,2.0,Semi-Furnished,"Yamuna Vihar, Shahdara",6000000.0,Resale,Builder_Floor,6526.0
311,750.0,2,2.0,Unfurnished,Other,4500000.0,Resale,Builder_Floor,6526.0
312,990.0,2,2.0,Semi-Furnished,Shahdara,4100000.0,Resale,Builder_Floor,6526.0
313,800.0,3,2.0,Semi-Furnished,Other,3800000.0,Resale,Builder_Floor,6526.0
314,675.0,2,1.0,Unfurnished,Shahdara,3300000.0,Resale,Apartment,6526.0
315,558.0,2,1.0,Unfurnished,Other,2900000.0,New_Property,Builder_Floor,6526.0
318,1350.0,4,3.0,Semi-Furnished,Other,11300000.0,New_Property,Builder_Floor,6526.0
319,850.0,3,2.0,Semi-Furnished,Other,4500000.0,Resale,Builder_Floor,6526.0
320,846.0,2,1.0,Unfurnished,Other,3300000.0,New_Property,Apartment,3901.0
321,1300.0,4,3.0,Furnished,Other,11500000.0,New_Property,Builder_Floor,3901.0
322,900.0,3,2.0,Semi-Furnished,Other,6000000.0,New_Property,Builder_Floor,3901.0
323,1050.0,3,2.0,Semi-Furnished,Other,9000000.0,Resale,Apartment,3901.0
324,850.0,2,2.0,Furnished,Other,4500000.0,Resale,Builder_Floor,3901.0
325,1650.0,4,3.0,Furnished,Shahdara,14000000.0,New_Property,Apartment,3901.0
326,1150.0,2,2.0,Semi-Furnished,Other,7300000.0,Resale,Apartment,6347.0
329,810.0,3,2.0,Semi-Furnished,"Yamuna Vihar, Shahdara",6000000.0,Resale,Builder_Floor,11291.5
330,750.0,1,2.0,Semi-Furnished,"Yamuna Vihar, Shahdara",6400000.0,Resale,Builder_Floor,11291.5
331,540.0,2,1.0,Furnished,"Yamuna Vihar, Shahdara",2700000.0,New_Property,Apartment,5000.0
332,747.0,2,2.0,Furnished,"Yamuna Vihar, Shahdara",6500000.0,Resale,Builder_Floor,8701.0
333,720.0,2,1.0,Unfurnished,"Yamuna Vihar, Shahdara",4000000.0,Resale,Builder_Floor,5556.0
335,1125.0,2,2.0,Unfurnished,"Yamuna Vihar, Shahdara",5000000.0,Resale,Builder_Floor,4444.0
336,713.0,2,2.0,Semi-Furnished,"Yamuna Vihar, Shahdara",6000000.0,New_Property,Builder_Floor,4444.0
337,360.0,1,1.0,Unfurnished,"Yamuna Vihar, Shahdara",2500000.0,Resale,Builder_Floor,6944.0
338,900.0,2,2.0,Semi-Furnished,"Yamuna Vihar, Shahdara",6500000.0,Resale,Apartment,7222.0
340,504.0,2,1.0,Furnished,"Yamuna Vihar, Shahdara",2700000.0,Resale,Builder_Floor,5357.0
342,850.0,3,2.0,Furnished,"Yamuna Vihar, Shahdara",5700000.0,Resale,Builder_Floor,6706.0
343,2430.0,4,3.0,Furnished,"Yamuna Vihar, Shahdara",25000000.0,Resale,Builder_Floor,10288.0
346,2250.0,3,2.0,Furnished,"Yamuna Vihar, Shahdara",18500000.0,Resale,Builder_Floor,8222.0
348,1512.0,2,2.0,Furnished,"Yamuna Vihar, Shahdara",22000000.0,Resale,Builder_Floor,14550.0
355,700.0,2,1.0,Furnished,"Yamuna Vihar, Shahdara",16000000.0,New_Property,Builder_Floor,22857.0
358,850.0,2,2.0,Furnished,Other,4500000.0,Resale,Builder_Floor,12500.0
359,801.0,3,2.0,Semi-Furnished,Laxmi Nagar,6000000.0,New_Property,Builder_Floor,11291.5
360,450.0,1,2.0,Unfurnished,Laxmi Nagar,2700000.0,Resale,Builder_Floor,11291.5
361,1000.0,3,2.0,Unfurnished,Laxmi Nagar,6500000.0,Resale,Apartment,11291.5
362,990.0,3,2.0,Unfurnished,Laxmi Nagar,4000000.0,Resale,Apartment,4040.0
365,1000.0,2,2.0,Unfurnished,Laxmi Nagar,7500000.0,Resale,Apartment,7778.0
366,900.0,3,2.0,Semi-Furnished,Laxmi Nagar,7000000.0,Resale,Builder_Floor,7778.0
367,800.0,3,2.0,Semi-Furnished,Laxmi Nagar,4500000.0,New_Property,Builder_Floor,7778.0
380,1000.0,3,3.0,Furnished,Laxmi Nagar,12500000.0,Resale,Builder_Floor,5666.0
381,715.0,2,2.0,Unfurnished,Laxmi Nagar,5600000.0,Resale,Apartment,5666.0
382,600.0,2,2.0,Unfurnished,Laxmi Nagar,7000000.0,Resale,Builder_Floor,11667.0
383,540.0,2,1.0,Unfurnished,Laxmi Nagar,3500000.0,Resale,Builder_Floor,11667.0
385,810.0,3,2.0,Semi-Furnished,Laxmi Nagar,9000000.0,Resale,Builder_Floor,11111.0
386,270.0,1,1.0,Semi-Furnished,Other,2300000.0,Resale,Builder_Floor,11111.0
387,900.0,3,2.0,Semi-Furnished,Laxmi Nagar,6000000.0,Resale,Builder_Floor,11111.0
388,1000.0,3,2.0,Unfurnished,Laxmi Nagar,6000000.0,Resale,Apartment,11111.0
389,540.0,2,2.0,Semi-Furnished,Uttam Nagar,2650000.0,New_Property,Builder_Floor,11291.5
390,950.0,3,2.0,Furnished,Other,4370000.0,New_Property,Apartment,4600.0
391,1000.0,3,2.0,Unfurnished,Other,4620000.0,New_Property,Apartment,4620.0
392,540.0,2,2.0,Semi-Furnished,Other,3000000.0,New_Property,Apartment,5000.0
393,540.0,2,2.0,Semi-Furnished,Other,3300000.0,New_Property,Apartment,6111.0
394,1000.0,3,2.0,Semi-Furnished,Other,5510000.0,New_Property,Builder_Floor,6111.0
395,500.0,2,2.0,Semi-Furnished,Other,3200000.0,New_Property,Builder_Floor,6111.0
396,540.0,2,2.0,Semi-Furnished,Other,2600000.0,New_Property,Builder_Floor,6111.0
397,780.0,3,2.0,Semi-Furnished,Uttam Nagar,4000000.0,New_Property,Builder_Floor,6111.0
399,360.0,1,1.0,Semi-Furnished,Uttam Nagar,1700000.0,New_Property,Builder_Floor,6111.0
400,900.0,3,2.0,Semi-Furnished,Other,2800000.0,New_Property,Builder_Floor,6111.0
402,1200.0,4,3.0,Semi-Furnished,Other,6800000.0,New_Property,Builder_Floor,6111.0
403,1000.0,3,2.0,Semi-Furnished,Uttam Nagar,6200000.0,New_Property,Builder_Floor,6111.0
404,620.0,2,2.0,Semi-Furnished,Uttam Nagar,3100000.0,New_Property,Builder_Floor,6111.0
406,805.0,2,2.0,Unfurnished,Other,4000000.0,Resale,Builder_Floor,6111.0
407,729.0,2,2.0,Semi-Furnished,Other,4800000.0,Resale,Builder_Floor,6584.0
408,540.0,2,2.0,Semi-Furnished,Uttam Nagar,2500000.0,New_Property,Builder_Floor,6584.0
409,360.0,1,1.0,Semi-Furnished,Uttam Nagar,2000000.0,New_Property,Builder_Floor,6584.0
410,550.0,2,2.0,Semi-Furnished,Other,1900000.0,New_Property,Builder_Floor,6584.0
411,1001.0,3,2.0,Furnished,Other,5800000.0,New_Property,Builder_Floor,5794.0
413,550.0,2,1.0,Semi-Furnished,Other,2000000.0,New_Property,Builder_Floor,5794.0
414,550.0,2,2.0,Semi-Furnished,Uttam Nagar,2600000.0,New_Property,Builder_Floor,5794.0
415,675.0,2,1.0,Unfurnished,Uttam Nagar,2900000.0,Resale,Builder_Floor,5794.0
416,585.0,2,2.0,Unfurnished,Uttam Nagar,3200000.0,Resale,Builder_Floor,5794.0
417,810.0,3,2.0,Semi-Furnished,Other,5400000.0,Resale,Builder_Floor,5794.0
418,765.0,3,2.0,Semi-Furnished,Other,3800000.0,Resale,Builder_Floor,5794.0
422,800.0,3,2.0,Unfurnished,Patel Nagar West,8000000.0,Resale,Builder_Floor,23840.0
423,900.0,3,2.0,Semi-Furnished,Patel Nagar West,9500000.0,Resale,Builder_Floor,23840.0
424,1680.0,4,5.0,Semi-Furnished,Patel Nagar West,20000000.0,Resale,Builder_Floor,23840.0
425,900.0,2,2.0,Furnished,Patel Nagar West,7400000.0,Resale,Builder_Floor,23840.0
426,2000.0,3,3.0,Semi-Furnished,Other,37500000.0,Resale,Apartment,23840.0
427,2000.0,4,4.0,Semi-Furnished,Patel Nagar West,15000000.0,Resale,Builder_Floor,7500.0
428,1900.0,3,3.0,Semi-Furnished,"The Leela Sky Villas, Patel Nagar",52250000.0,New_Property,Apartment,7500.0
429,1530.0,3,3.0,Semi-Furnished,Other,26500000.0,Resale,Builder_Floor,7500.0
431,900.0,3,2.0,Furnished,Patel Nagar West,10400000.0,Resale,Builder_Floor,11556.0
432,270.0,1,1.0,Unfurnished,Patel Nagar West,1700000.0,Resale,Builder_Floor,11556.0
433,950.0,2,2.0,Semi-Furnished,Patel Nagar West,8000000.0,Resale,Builder_Floor,8421.0
434,1800.0,3,3.0,Semi-Furnished,Other,27000000.0,Resale,Builder_Floor,8421.0
435,1500.0,3,3.0,Semi-Furnished,Patel Nagar West,19500000.0,Resale,Builder_Floor,8421.0
437,1800.0,3,3.0,Unfurnished,Patel Nagar West,21100000.0,Resale,Builder_Floor,11722.0
438,2306.0,3,3.0,Unfurnished,"The Leela Sky Villas, Patel Nagar",52250000.0,New_Property,Apartment,24718.0
439,850.0,2,3.0,Semi-Furnished,Patel Nagar West,5900000.0,Resale,Builder_Floor,24718.0
441,900.0,3,2.0,Unfurnished,Patel Nagar West,12000000.0,Resale,Builder_Floor,13333.0
442,1800.0,3,3.0,Unfurnished,Patel Nagar West,24000000.0,Resale,Apartment,13333.0
444,1782.0,3,3.0,Semi-Furnished,Other,15000000.0,Resale,Apartment,8418.0
445,900.0,2,2.0,Furnished,Other,1500000.0,Resale,Builder_Floor,1667.0
447,1500.0,3,3.0,Unfurnished,Patel Nagar West,12500000.0,Resale,Builder_Floor,8333.0
449,2000.0,4,4.0,Unfurnished,Other,36500000.0,Resale,Apartment,11291.5
450,1200.0,3,2.0,Semi-Furnished,Other,20000000.0,Resale,Apartment,11291.5
451,1100.0,2,2.0,Semi-Furnished,Vasant Kunj,15000000.0,Resale,Apartment,11291.5
452,1400.0,3,2.0,Semi-Furnished,Vasant Kunj,25000000.0,New_Property,Apartment,11291.5
453,1600.0,3,2.0,Semi-Furnished,Other,18500000.0,Resale,Apartment,11291.5
454,1600.0,4,3.0,Unfurnished,Other,23500000.0,Resale,Apartment,11291.5
455,600.0,1,1.0,Semi-Furnished,Vasant Kunj,8000000.0,New_Property,Apartment,11291.5
456,1600.0,3,2.0,Unfurnished,Other,23000000.0,Resale,Apartment,11291.5
457,2000.0,3,3.0,Unfurnished,Other,31000000.0,Resale,Apartment,15500.0
458,650.0,1,2.0,Semi-Furnished,Other,7400000.0,Resale,Apartment,15500.0
459,1100.0,2,2.0,Unfurnished,Vasant Kunj,15500000.0,Resale,Apartment,15500.0
460,1075.0,2,2.0,Semi-Furnished,Other,12000000.0,New_Property,Apartment,15500.0
461,1450.0,3,2.0,Semi-Furnished,Other,23500000.0,Resale,Apartment,15500.0
462,1200.0,3,2.0,Semi-Furnished,Other,25000000.0,Resale,Apartment,20833.0
463,600.0,1,2.0,Unfurnished,Other,7000000.0,New_Property,Apartment,20833.0
464,1000.0,2,2.0,Unfurnished,Other,17500000.0,Resale,Apartment,20833.0
465,1600.0,3,2.0,Semi-Furnished,Other,25000000.0,Resale,Apartment,20833.0
466,1750.0,4,4.0,Unfurnished,Other,29000000.0,New_Property,Apartment,20833.0
467,1300.0,3,3.0,Semi-Furnished,Other,21900000.0,Resale,Apartment,20833.0
468,550.0,1,2.0,Furnished,Other,7500000.0,Resale,Apartment,20833.0
469,2200.0,4,3.0,Semi-Furnished,Other,23500000.0,Resale,Apartment,10681.0
470,1100.0,2,2.0,Semi-Furnished,Other,24000000.0,Resale,Apartment,21818.0
471,1700.0,3,2.0,Semi-Furnished,Vasant Kunj,31000000.0,Resale,Builder_Floor,21818.0
472,1100.0,2,2.0,Semi-Furnished,Vasant Kunj,16500000.0,Resale,Apartment,21818.0
473,1000.0,2,2.0,Furnished,Other,5000000.0,Resale,Builder_Floor,21818.0
474,1350.0,3,2.0,Furnished,Other,24000000.0,New_Property,Apartment,21818.0
475,1184.0,2,2.0,Semi-Furnished,Other,17000000.0,Resale,Apartment,14358.0
476,2000.0,4,2.0,Furnished,Other,40000000.0,New_Property,Apartment,14358.0
478,900.0,3,3.0,Furnished,Vasant Kunj,20000000.0,Resale,Builder_Floor,14358.0
480,750.0,2,2.0,Semi-Furnished,"J R Designers Floors, Rohini Sector 24",5000000.0,New_Property,Apartment,6667.0
482,950.0,3,2.0,Furnished,Other,4370000.0,New_Property,Apartment,4600.0
483,1000.0,3,2.0,Unfurnished,Other,4620000.0,New_Property,Apartment,4620.0
484,850.0,2,1.0,Semi-Furnished,Other,1900000.0,New_Property,Apartment,2235.0
485,2400.0,4,4.0,Semi-Furnished,Other,52250000.0,New_Property,Apartment,2235.0
486,1350.0,3,2.0,Unfurnished,Other,5130000.0,New_Property,Apartment,3800.0
487,540.0,2,2.0,Semi-Furnished,Other,3000000.0,New_Property,Apartment,5000.0
488,1387.0,4,4.0,Unfurnished,Other,5890000.0,New_Property,Apartment,4247.0
489,540.0,2,2.0,Semi-Furnished,Other,3300000.0,New_Property,Apartment,6111.0
490,976.0,2,2.0,Furnished,Other,24900000.0,New_Property,Apartment,25512.0
491,1050.0,3,2.0,Unfurnished,Other,3700000.0,New_Property,Apartment,3524.0
492,2700.0,4,3.0,Semi-Furnished,Other,52250000.0,New_Property,Builder_Floor,22222.0
493,1500.0,3,2.0,Unfurnished,Other,17400000.0,Resale,Apartment,22222.0
496,1000.0,3,2.0,Semi-Furnished,Other,5510000.0,New_Property,Builder_Floor,22222.0
497,1135.0,3,3.0,Furnished,"The Amaryllis, Karol Bagh",25000000.0,Resale,Apartment,22222.0
498,2306.0,3,3.0,Unfurnished,"The Leela Sky Villas, Patel Nagar",52250000.0,New_Property,Apartment,24718.0
499,850.0,2,2.0,Semi-Furnished,Other,2940000.0,New_Property,Apartment,24718.0
500,1200.0,3,3.0,Semi-Furnished,Other,15500000.0,Resale,Apartment,24718.0
501,1700.0,3,2.0,Semi-Furnished,Other,17200000.0,Resale,Apartment,24718.0
506,1600.0,3,3.0,Semi-Furnished,Other,30000000.0,New_Property,Builder_Floor,18750.0
507,700.0,2,2.0,Semi-Furnished,Other,2400000.0,New_Property,Builder_Floor,18750.0
511,1350.0,3,3.0,Semi-Furnished,Other,25000000.0,Resale,Builder_Floor,18519.0
512,2250.0,3,2.0,Semi-Furnished,Other,10000000.0,Resale,Builder_Floor,4444.0
513,1250.0,2,1.0,Semi-Furnished,Other,7500000.0,Resale,Apartment,4444.0
517,1800.0,4,2.0,Furnished,Other,17500000.0,Resale,Builder_Floor,9722.0
518,1800.0,4,3.0,Furnished,Other,35000000.0,Resale,Builder_Floor,19444.0
520,1750.0,4,4.0,Unfurnished,Other,29000000.0,New_Property,Apartment,6667.0
521,2210.0,4,3.0,Semi-Furnished,"Sukhdev Vihar, Okhla",41000000.0,Resale,Builder_Floor,6667.0
522,760.0,3,2.0,Furnished,Other,6000000.0,Resale,Builder_Floor,6667.0
524,380.0,1,1.0,Unfurnished,Other,2200000.0,Resale,Builder_Floor,6667.0
525,904.1676,2,2.0,Furnished,Other,21500000.0,New_Property,Apartment,6667.0
531,900.0,2,1.0,Semi-Furnished,Other,6200000.0,New_Property,Builder_Floor,6667.0
532,1650.0,4,3.0,Furnished,Shahdara,14000000.0,New_Property,Apartment,6667.0
533,1000.0,2,2.0,Unfurnished,Laxmi Nagar,7500000.0,Resale,Apartment,6667.0
534,852.0,2,2.0,Unfurnished,Other,2670000.0,Resale,Apartment,6667.0
535,700.0,2,2.0,Semi-Furnished,Shahdara,2500000.0,Resale,Apartment,6667.0
536,990.0,3,2.0,Unfurnished,Laxmi Nagar,4000000.0,Resale,Apartment,4040.0
538,1000.0,2,2.0,Unfurnished,Laxmi Nagar,5000000.0,New_Property,Apartment,5000.0
539,1700.0,4,3.0,Semi-Furnished,Saket,29500000.0,Resale,Builder_Floor,21071.0
540,1350.0,3,2.0,Unfurnished,Other,19000000.0,Resale,Builder_Floor,14074.0
541,2100.0,4,3.0,Furnished,Saket,25500000.0,Resale,Apartment,14074.0
551,1800.0,4,4.0,Semi-Furnished,Other,12500000.0,Resale,Builder_Floor,6944.0
552,1674.0,3,3.0,Unfurnished,Saket,45000000.0,Resale,Builder_Floor,6944.0
553,2025.0,4,3.0,Furnished,Saket,30500000.0,Resale,Builder_Floor,6944.0
554,1300.0,3,3.0,Semi-Furnished,Saket,22500000.0,Resale,Builder_Floor,6944.0
555,990.0,3,3.0,Furnished,Other,28000000.0,Resale,Apartment,6944.0
556,2100.0,3,4.0,Semi-Furnished,Saket,25000000.0,Resale,Builder_Floor,14705.0
557,2250.0,4,4.0,Semi-Furnished,Saket,33700000.0,Resale,Builder_Floor,14705.0
558,1500.0,3,3.0,Semi-Furnished,Saket,27000000.0,Resale,Builder_Floor,18000.0
559,2700.0,4,4.0,Semi-Furnished,Saket,43500000.0,New_Property,Builder_Floor,18000.0
560,1700.0,3,3.0,Semi-Furnished,Other,29000000.0,New_Property,Builder_Floor,18000.0
561,1700.0,3,3.0,Semi-Furnished,Saket,30000000.0,Resale,Builder_Floor,17647.0
562,2050.0,4,4.0,Semi-Furnished,Saket,52100000.0,New_Property,Apartment,17647.0
563,1800.0,3,3.0,Unfurnished,Saket,32500000.0,New_Property,Builder_Floor,18055.0
564,1500.0,3,2.0,Semi-Furnished,Saket,20500000.0,Resale,Apartment,18055.0
565,2000.0,4,3.0,Semi-Furnished,Saket,25000000.0,Resale,Apartment,12500.0
566,1500.0,3,3.0,Semi-Furnished,Saket,30000000.0,Resale,Builder_Floor,12500.0
568,2475.0,4,4.0,Semi-Furnished,Saket,31000000.0,Resale,Builder_Floor,12500.0
569,1800.0,3,3.0,Semi-Furnished,Safdarjung Enclave,37500000.0,New_Property,Builder_Floor,11291.5
570,1300.0,3,3.0,Semi-Furnished,Other,32500000.0,New_Property,Builder_Floor,11291.5
571,1500.0,3,3.0,Semi-Furnished,Safdarjung Enclave,37500000.0,New_Property,Builder_Floor,25000.0
572,2100.0,4,4.0,Semi-Furnished,Safdarjung Enclave,52250000.0,New_Property,Builder_Floor,25000.0
573,1800.0,4,4.0,Semi-Furnished,Safdarjung Enclave,52250000.0,New_Property,Builder_Floor,25000.0
574,1100.0,2,2.0,Unfurnished,Safdarjung Enclave,16300000.0,Resale,Apartment,14818.0
575,2035.0,4,4.0,Unfurnished,Safdarjung Enclave,52250000.0,New_Property,Builder_Floor,14818.0
576,1100.0,3,3.0,Unfurnished,Safdarjung Enclave,25000000.0,Resale,Builder_Floor,14818.0
577,1550.0,3,3.0,Semi-Furnished,Safdarjung Enclave,38000000.0,New_Property,Builder_Floor,14818.0
578,700.0,2,2.0,Unfurnished,Safdarjung Enclave,15000000.0,Resale,Builder_Floor,14818.0
580,540.0,1,1.0,Unfurnished,Other,3000000.0,Resale,Builder_Floor,14818.0
581,810.0,2,2.0,Semi-Furnished,Other,8500000.0,Resale,Builder_Floor,14818.0
583,1600.0,3,3.0,Semi-Furnished,Safdarjung Enclave,22500000.0,Resale,Builder_Floor,14818.0
586,900.0,3,3.0,Semi-Furnished,Other,12500000.0,New_Property,Builder_Floor,14818.0
587,972.0,2,2.0,Semi-Furnished,Safdarjung Enclave,17000000.0,Resale,Apartment,14818.0
589,2250.0,4,5.0,Semi-Furnished,Safdarjung Enclave,52250000.0,New_Property,Builder_Floor,14818.0
590,1650.0,3,3.0,Semi-Furnished,Safdarjung Enclave,35000000.0,New_Property,Builder_Floor,14818.0
591,2610.0,4,4.0,Semi-Furnished,Safdarjung Enclave,42500000.0,Resale,Builder_Floor,14818.0
592,600.0,2,2.0,Semi-Furnished,Other,4700000.0,Resale,Builder_Floor,14818.0
593,1700.0,4,5.0,Unfurnished,Safdarjung Enclave,52250000.0,Resale,Builder_Floor,14818.0
594,2250.0,4,4.0,Semi-Furnished,Safdarjung Enclave,52250000.0,New_Property,Builder_Floor,14818.0
595,880.0,3,2.0,Unfurnished,Other,11000000.0,Resale,Builder_Floor,14818.0
597,1450.0,3,3.0,Semi-Furnished,Safdarjung Enclave,37500000.0,Resale,Builder_Floor,14818.0
598,2200.0,4,4.0,Semi-Furnished,Other,52250000.0,New_Property,Builder_Floor,23863.0
599,1620.0,3,3.0,Semi-Furnished,Other,26000000.0,New_Property,Builder_Floor,11291.5
600,1078.0,3,2.0,Unfurnished,Paschim Vihar,15500000.0,New_Property,Builder_Floor,11291.5
601,1710.0,3,3.0,Unfurnished,Other,22000000.0,Resale,Builder_Floor,11291.5
602,1150.0,3,3.0,Semi-Furnished,Other,21000000.0,Resale,Builder_Floor,11291.5
604,1818.0,3,3.0,Unfurnished,Paschim Vihar,22000000.0,Resale,Builder_Floor,11291.5
605,1800.0,3,2.0,Unfurnished,Other,26500000.0,Resale,Builder_Floor,14722.0
606,780.0,2,2.0,Unfurnished,Other,8770000.0,Resale,Builder_Floor,14722.0
607,405.0,1,1.0,Semi-Furnished,Other,4500000.0,Resale,Apartment,14722.0
608,900.0,2,3.0,Semi-Furnished,Paschim Vihar,8500000.0,Resale,Apartment,14722.0
609,807.2925,2,2.0,Unfurnished,Other,8600000.0,Resale,Apartment,14722.0
610,2700.0,4,3.0,Semi-Furnished,Other,42500000.0,Resale,Builder_Floor,14722.0
611,1100.0,3,2.0,Semi-Furnished,Paschim Vihar,13100000.0,Resale,Apartment,14722.0
612,585.0,2,2.0,Unfurnished,Other,7000000.0,Resale,Apartment,14722.0
613,2152.78,3,3.0,Furnished,Other,30000000.0,New_Property,Builder_Floor,14722.0
614,960.0,2,2.0,Semi-Furnished,Other,13000000.0,Resale,Apartment,14722.0
615,1800.0,4,3.0,Unfurnished,Other,23100000.0,Resale,Builder_Floor,14722.0
616,1100.0,3,2.0,Semi-Furnished,Paschim Vihar,16000000.0,Resale,Apartment,14722.0
617,900.0,2,2.0,Unfurnished,Paschim Vihar,12500000.0,Resale,Builder_Floor,13889.0
618,1620.0,3,3.0,Furnished,Other,24500000.0,New_Property,Builder_Floor,13889.0
619,378.0,1,1.0,Unfurnished,Other,3200000.0,Resale,Apartment,13889.0
620,800.0,3,2.0,Unfurnished,Other,6300000.0,Resale,Apartment,7875.0
621,1350.0,3,3.0,Semi-Furnished,Other,15000000.0,Resale,Builder_Floor,11111.0
622,850.0,3,3.0,Unfurnished,Paschim Vihar,5700000.0,Resale,Apartment,11111.0
623,1580.0,3,2.0,Furnished,Other,21000000.0,Resale,Apartment,11111.0
624,820.0,2,3.0,Unfurnished,Paschim Vihar,7500000.0,Resale,Apartment,11111.0
625,594.0,2,1.0,Semi-Furnished,Other,6500000.0,Resale,Apartment,10943.0
627,800.0,3,2.0,Unfurnished,Other,12000000.0,Resale,Builder_Floor,10943.0
628,1500.0,3,2.0,Semi-Furnished,Other,18000000.0,Resale,Apartment,10943.0
629,1600.0,3,3.0,Semi-Furnished,Other,15600000.0,Resale,Apartment,11291.5
630,1650.0,3,3.0,Semi-Furnished,Other,15500000.0,Resale,Apartment,11291.5
631,1600.0,3,3.0,Semi-Furnished,Other,15200000.0,Resale,Apartment,11291.5
632,1900.0,3,3.0,Furnished,Other,25000000.0,Resale,Apartment,11291.5
633,1400.0,3,2.0,Furnished,Other,15000000.0,Resale,Apartment,11291.5
634,1550.0,3,2.0,Semi-Furnished,Other,15800000.0,Resale,Apartment,11291.5
635,2000.0,4,3.0,Furnished,Other,31500000.0,Resale,Apartment,11291.5
636,1500.0,3,3.0,Semi-Furnished,Other,14000000.0,Resale,Apartment,11291.5
637,1550.0,3,2.0,Semi-Furnished,Other,13200000.0,Resale,Apartment,11291.5
638,1600.0,3,2.0,Semi-Furnished,Other,15800000.0,Resale,Apartment,11291.5
639,1600.0,3,3.0,Unfurnished,Other,16200000.0,Resale,Apartment,11291.5
640,1800.0,3,2.0,Semi-Furnished,Other,15500000.0,Resale,Apartment,11291.5
641,1470.0,3,2.0,Semi-Furnished,Other,14500000.0,Resale,Apartment,11291.5
642,1500.0,3,2.0,Semi-Furnished,Other,14900000.0,Resale,Apartment,11291.5
643,1750.0,3,3.0,Furnished,Other,17200000.0,Resale,Apartment,11291.5
644,1650.0,3,3.0,Furnished,Other,18000000.0,Resale,Apartment,11291.5
645,1850.0,3,2.0,Semi-Furnished,Other,15500000.0,Resale,Apartment,11291.5
646,1480.0,3,2.0,Furnished,Other,15800000.0,Resale,Apartment,11291.5
647,1214.0,2,2.0,Furnished,Other,12600000.0,Resale,Apartment,11291.5
648,1380.0,3,2.0,Semi-Furnished,Other,15000000.0,Resale,Apartment,11291.5
649,1600.0,4,2.0,Furnished,Other,19500000.0,Resale,Apartment,11291.5
650,1585.0,3,3.0,Semi-Furnished,Other,16600000.0,Resale,Apartment,11291.5
651,1700.0,3,3.0,Semi-Furnished,Other,17200000.0,Resale,Apartment,11291.5
652,1200.0,2,2.0,Semi-Furnished,Other,13000000.0,Resale,Apartment,11291.5
653,1800.0,4,3.0,Semi-Furnished,Other,16500000.0,Resale,Apartment,11291.5
654,1000.0,2,2.0,Semi-Furnished,Other,10700000.0,Resale,Apartment,10700.0
655,1500.0,3,2.0,Furnished,Other,16200000.0,Resale,Apartment,10700.0
656,1700.0,3,2.0,Furnished,Other,16500000.0,Resale,Apartment,10700.0
657,1750.0,3,2.0,Furnished,Other,14900000.0,Resale,Apartment,10700.0
658,2700.0,4,3.0,Furnished,Other,27500000.0,Resale,Apartment,10700.0
661,1500.0,3,3.0,Semi-Furnished,Other,35500000.0,Resale,Apartment,20558.0
662,2105.0,3,3.0,Unfurnished,"Common Wealth Games Village, Commonwealth Games Village 2010",42100000.0,Resale,Apartment,20558.0
663,2500.0,4,5.0,Semi-Furnished,Other,42500000.0,Resale,Apartment,17000.0
664,2090.0,3,4.0,Semi-Furnished,"Common Wealth Games Village, Commonwealth Games Village 2010",44000000.0,Resale,Apartment,21052.0
665,2525.0,4,5.0,Semi-Furnished,Other,43200000.0,Resale,Apartment,21052.0
666,2500.0,4,4.0,Semi-Furnished,Other,52250000.0,Resale,Apartment,21000.0
667,2100.0,3,4.0,Furnished,"Common Wealth Games Village, Commonwealth Games Village 2010",34300000.0,Resale,Apartment,16333.0
668,2022.0,3,3.0,Semi-Furnished,Other,38000000.0,Resale,Apartment,18793.0
669,2650.0,4,5.0,Furnished,Other,52250000.0,Resale,Apartment,19811.0
670,1850.0,3,3.0,Unfurnished,"Common Wealth Games Village, Commonwealth Games Village 2010",37500000.0,Resale,Apartment,20270.0
671,2100.0,3,3.0,Semi-Furnished,"Common Wealth Games Village, Commonwealth Games Village 2010",37000000.0,Resale,Apartment,17619.0
672,1700.0,3,4.0,Semi-Furnished,Other,40000000.0,Resale,Apartment,17619.0
673,2105.0,3,3.0,Semi-Furnished,"Common Wealth Games Village, Commonwealth Games Village 2010",36200000.0,Resale,Apartment,17197.0
674,1250.0,2,3.0,Semi-Furnished,"Common Wealth Games Village, Commonwealth Games Village 2010",29000000.0,Resale,Apartment,17197.0
675,2552.0,4,5.0,Furnished,Other,42500000.0,New_Property,Apartment,16654.0
677,2125.0,3,3.0,Semi-Furnished,Other,36500000.0,Resale,Apartment,17176.0
678,2065.0,3,4.0,Semi-Furnished,"Common Wealth Games Village, Commonwealth Games Village 2010",42500000.0,Resale,Apartment,20581.0
682,1455.0,2,2.0,Semi-Furnished,Other,27500000.0,Resale,Apartment,18900.0
685,1400.0,2,3.0,Unfurnished,"Common Wealth Games Village, Commonwealth Games Village 2010",28600000.0,Resale,Apartment,20967.0
686,2126.0,3,3.0,Semi-Furnished,"Common Wealth Games Village, Commonwealth Games Village 2010",39000000.0,Resale,Apartment,18344.0
687,1815.0,3,3.0,Semi-Furnished,Other,32500000.0,Resale,Apartment,17906.0
688,1700.0,3,3.0,Unfurnished,Other,34000000.0,Resale,Apartment,17906.0
689,700.0,2,2.0,Unfurnished,Alaknanda,16500000.0,Resale,Apartment,11291.5
690,980.0,2,2.0,Semi-Furnished,Other,13800000.0,Resale,Apartment,11291.5
691,1350.0,3,3.0,Semi-Furnished,"Narmada Apartment, Alaknanda",21000000.0,Resale,Apartment,11291.5
692,1800.0,3,3.0,Semi-Furnished,Other,22500000.0,Resale,Apartment,11291.5
693,968.751,2,2.0,Semi-Furnished,Other,15000000.0,Resale,Apartment,11291.5
694,1250.0,3,3.0,Semi-Furnished,"Narmada Apartment, Alaknanda",20000000.0,New_Property,Apartment,11291.5
695,1800.0,3,3.0,Furnished,Other,20000000.0,New_Property,Apartment,11291.5
696,1400.0,3,2.0,Semi-Furnished,Other,26000000.0,Resale,Builder_Floor,11291.5
697,1000.0,3,3.0,Semi-Furnished,"Narmada Apartment, Alaknanda",19500000.0,Resale,Apartment,11291.5
698,1800.0,4,2.0,Semi-Furnished,Other,21500000.0,Resale,Apartment,11291.5
699,1500.0,3,3.0,Unfurnished,Alaknanda,26500000.0,New_Property,Apartment,11291.5
700,1600.0,3,3.0,Semi-Furnished,"Narmada Apartment, Alaknanda",20000000.0,Resale,Apartment,12500.0
701,1400.0,3,3.0,Furnished,"Narmada Apartment, Alaknanda",18000000.0,Resale,Apartment,12500.0
702,1400.0,3,2.0,Unfurnished,Alaknanda,19000000.0,Resale,Apartment,12500.0
703,2700.0,4,4.0,Unfurnished,Other,36500000.0,Resale,Builder_Floor,12500.0
704,1100.0,2,2.0,Unfurnished,Alaknanda,15000000.0,Resale,Apartment,12500.0
705,1200.0,2,2.0,Semi-Furnished,Alaknanda,17500000.0,Resale,Apartment,12500.0
706,1400.0,2,2.0,Semi-Furnished,Alaknanda,14000000.0,Resale,Apartment,12500.0
707,1500.0,3,3.0,Semi-Furnished,Other,21000000.0,Resale,Apartment,12500.0
708,1320.0,3,2.0,Unfurnished,Alaknanda,15600000.0,Resale,Apartment,12500.0
709,1300.0,3,3.0,Unfurnished,Other,19000000.0,Resale,Apartment,12500.0
710,1150.0,2,2.0,Unfurnished,"Narmada Apartment, Alaknanda",16500000.0,Resale,Apartment,12500.0
711,1440.0,3,3.0,Unfurnished,Alaknanda,19000000.0,Resale,Apartment,12500.0
712,1400.0,2,2.0,Unfurnished,Other,16500000.0,Resale,Apartment,12500.0
713,450.0,1,1.0,Semi-Furnished,Alaknanda,3000000.0,Resale,Builder_Floor,12500.0
714,1300.0,2,2.0,Semi-Furnished,Other,15000000.0,Resale,Apartment,11538.0
715,1200.0,2,2.0,Unfurnished,Other,14300000.0,Resale,Apartment,11538.0
716,1300.0,3,2.0,Unfurnished,Other,18500000.0,Resale,Apartment,11538.0
717,1400.0,3,3.0,Furnished,Other,19000000.0,Resale,Apartment,11538.0
718,1400.0,3,3.0,Semi-Furnished,Alaknanda,19000000.0,Resale,Apartment,11538.0
719,1500.0,3,2.0,Semi-Furnished,Other,13500000.0,Resale,Builder_Floor,11291.5
720,1600.0,4,2.0,Semi-Furnished,Other,15800000.0,Resale,Apartment,11291.5
722,1600.0,4,2.0,Semi-Furnished,Other,15500000.0,Resale,Apartment,11291.5
723,1250.0,3,2.0,Semi-Furnished,"DDA Flats Sarita Vihar, Sarita Vihar, Mathura Road",16000000.0,Resale,Apartment,11291.5
724,950.0,2,2.0,Furnished,"DDA Flats Sarita Vihar, Sarita Vihar, Mathura Road",12900000.0,Resale,Apartment,11291.5
725,1200.0,3,3.0,Furnished,"DDA Flats Sarita Vihar, Sarita Vihar, Mathura Road",13500000.0,Resale,Apartment,11291.5
726,1400.0,4,2.0,Furnished,"DDA Flats Sarita Vihar, Sarita Vihar, Mathura Road",17800000.0,Resale,Apartment,11291.5
727,950.0,2,2.0,Furnished,"DDA Flats Sarita Vihar, Sarita Vihar, Mathura Road",13200000.0,Resale,Apartment,11291.5
728,1350.0,3,3.0,Semi-Furnished,"DDA Flats Sarita Vihar, Sarita Vihar, Mathura Road",14000000.0,Resale,Apartment,11291.5
729,1550.0,4,2.0,Furnished,"DDA Flats Sarita Vihar, Sarita Vihar, Mathura Road",17500000.0,Resale,Apartment,11291.5
730,1300.0,3,2.0,Semi-Furnished,"DDA Flats Sarita Vihar, Sarita Vihar, Mathura Road",17000000.0,Resale,Apartment,11291.5
731,1000.0,2,2.0,Furnished,Other,13000000.0,Resale,Apartment,11291.5
732,1500.0,3,3.0,Furnished,Other,17000000.0,Resale,Apartment,11291.5
733,950.0,2,2.0,Furnished,"DDA Flats Sarita Vihar, Sarita Vihar, Mathura Road",12700000.0,Resale,Apartment,11291.5
734,1200.0,3,2.0,Furnished,"DDA Flats Sarita Vihar, Sarita Vihar, Mathura Road",13500000.0,Resale,Apartment,11291.5
735,1400.0,4,2.0,Furnished,"DDA Flats Sarita Vihar, Sarita Vihar, Mathura Road",17400000.0,Resale,Apartment,11291.5
736,1500.0,4,2.0,Furnished,"DDA Flats Sarita Vihar, Sarita Vihar, Mathura Road",17800000.0,Resale,Apartment,11291.5
737,1050.0,2,2.0,Furnished,"DDA Flats Sarita Vihar, Sarita Vihar, Mathura Road",12700000.0,Resale,Apartment,11291.5
738,1550.0,4,2.0,Furnished,"DDA Flats Sarita Vihar, Sarita Vihar, Mathura Road",16200000.0,Resale,Apartment,11291.5
739,950.0,2,2.0,Furnished,"DDA Flats Sarita Vihar, Sarita Vihar, Mathura Road",11100000.0,Resale,Apartment,11291.5
740,1150.0,2,2.0,Furnished,"DDA Flats Sarita Vihar, Sarita Vihar, Mathura Road",13600000.0,Resale,Apartment,11291.5
741,1150.0,2,2.0,Furnished,Other,13100000.0,Resale,Apartment,11291.5
742,1150.0,2,2.0,Furnished,"DDA Flats Sarita Vihar, Sarita Vihar, Mathura Road",12500000.0,Resale,Apartment,11291.5
743,1500.0,3,2.0,Furnished,"DDA Flats Sarita Vihar, Sarita Vihar, Mathura Road",13600000.0,Resale,Apartment,11291.5
744,1800.0,4,4.0,Furnished,Other,12000000.0,New_Property,Apartment,6667.0
745,1300.0,3,3.0,Furnished,Other,20000000.0,New_Property,Apartment,15384.0
746,1150.0,2,2.0,Unfurnished,Other,13500000.0,Resale,Apartment,15384.0
747,1500.0,3,2.0,Unfurnished,Other,14000000.0,Resale,Apartment,15384.0
748,1150.0,2,2.0,Semi-Furnished,Other,10800000.0,Resale,Apartment,15384.0
749,900.0,3,2.0,Semi-Furnished,"New Manglapuri, Sultanpur",9000000.0,New_Property,Builder_Floor,11291.5
750,1150.0,3,2.0,Semi-Furnished,"New Manglapuri, Sultanpur",6300000.0,Resale,Builder_Floor,11291.5
751,1000.0,3,3.0,Semi-Furnished,Other,5500000.0,New_Property,Apartment,11291.5
752,450.0,1,1.0,Semi-Furnished,"New Manglapuri, Sultanpur",2350000.0,Resale,Apartment,5222.0
753,1350.0,3,3.0,Semi-Furnished,Sultanpur,8500000.0,Resale,Apartment,5222.0
754,445.0,1,2.0,Semi-Furnished,Other,1650000.0,Resale,Apartment,5222.0
755,1200.0,2,2.0,Semi-Furnished,Other,10000000.0,Resale,Apartment,8333.0
757,1100.0,2,2.0,Semi-Furnished,Sultanpur,2800000.0,Resale,Builder_Floor,8333.0
758,700.0,2,2.0,Semi-Furnished,Other,2600000.0,Resale,Builder_Floor,3714.0
759,500.0,1,1.0,Furnished,"New Manglapuri, Sultanpur",2350000.0,Resale,Builder_Floor,3714.0
760,540.0,1,1.0,Unfurnished,Other,2350000.0,Resale,Apartment,3714.0
761,450.0,1,1.0,Unfurnished,Sultanpur,2000000.0,New_Property,Builder_Floor,3714.0
762,800.0,2,2.0,Semi-Furnished,Sultanpur,5000000.0,Resale,Builder_Floor,3714.0
763,700.0,2,2.0,Semi-Furnished,"New Manglapuri, Sultanpur",3500000.0,Resale,Builder_Floor,3714.0
764,750.0,2,2.0,Semi-Furnished,Sultanpur,4500000.0,Resale,Builder_Floor,3714.0
765,750.0,2,2.0,Unfurnished,Sultanpur,4000000.0,Resale,Builder_Floor,3714.0
766,1600.0,3,3.0,Unfurnished,"New Manglapuri, Sultanpur",10800000.0,Resale,Builder_Floor,3714.0
767,1000.0,3,2.0,Unfurnished,"New Manglapuri, Sultanpur",10000000.0,New_Property,Builder_Floor,3714.0
768,1600.0,3,3.0,Unfurnished,"New Manglapuri, Sultanpur",10800000.0,Resale,Builder_Floor,3714.0
769,900.0,3,2.0,Semi-Furnished,Other,9000000.0,Resale,Builder_Floor,3714.0
770,1700.0,3,3.0,Semi-Furnished,"New Manglapuri, Sultanpur",8500000.0,New_Property,Apartment,3714.0
771,1100.0,3,2.0,Semi-Furnished,"New Manglapuri, Sultanpur",6000000.0,Resale,Builder_Floor,3714.0
772,1000.0,3,3.0,Semi-Furnished,"New Manglapuri, Sultanpur",5500000.0,New_Property,Apartment,3714.0
773,1000.0,3,2.0,Semi-Furnished,Other,7000000.0,New_Property,Builder_Floor,7000.0
774,1100.0,3,2.0,Furnished,Sultanpur,6000000.0,Resale,Apartment,5455.0
775,765.0,3,2.0,Unfurnished,Other,3700000.0,Resale,Builder_Floor,4837.0
776,900.0,2,2.0,Semi-Furnished,Other,3100000.0,Resale,Builder_Floor,3444.0
777,600.0,2,2.0,Unfurnished,Sultanpur,4500000.0,Resale,Apartment,3444.0
778,360.0,1,1.0,Semi-Furnished,Other,1500000.0,Resale,Builder_Floor,4167.0
779,950.0,3,2.0,Semi-Furnished,Chhattarpur,7090000.0,New_Property,Builder_Floor,11291.5
781,1305.0,4,3.0,Unfurnished,Other,5500000.0,New_Property,Builder_Floor,11291.5
782,1800.0,3,4.0,Semi-Furnished,Chhattarpur,52250000.0,New_Property,Apartment,11291.5
783,950.0,3,2.0,Semi-Furnished,Chhattarpur,6990000.0,New_Property,Builder_Floor,11291.5
784,800.0,2,2.0,Semi-Furnished,Chhattarpur,4400000.0,New_Property,Apartment,11291.5
785,1800.0,4,4.0,Semi-Furnished,Chhattarpur Enclave Phase2,12500000.0,Resale,Builder_Floor,11291.5
786,800.0,2,2.0,Semi-Furnished,Chhattarpur,3000000.0,New_Property,Builder_Floor,11291.5
787,675.0,2,2.0,Semi-Furnished,Chhattarpur,2800000.0,New_Property,Builder_Floor,11291.5
788,1175.0,3,3.0,Unfurnished,Other,5000000.0,New_Property,Builder_Floor,11291.5
789,1500.0,3,3.0,Unfurnished,Chhattarpur,6000000.0,Resale,Builder_Floor,11291.5
790,810.0,2,2.0,Unfurnished,Chhattarpur,4500000.0,Resale,Apartment,11291.5
791,630.0,2,2.0,Unfurnished,Chhattarpur Enclave Phase2,2800000.0,Resale,Apartment,11291.5
792,650.0,2,2.0,Semi-Furnished,Chhattarpur,2500000.0,Resale,Builder_Floor,11291.5
793,1800.0,4,4.0,Semi-Furnished,Chhattarpur Enclave Phase2,8500000.0,New_Property,Builder_Floor,11291.5
794,725.0,2,2.0,Furnished,Chhattarpur,3000000.0,Resale,Apartment,4138.0
795,900.0,3,2.0,Semi-Furnished,Chhattarpur,4900000.0,New_Property,Builder_Floor,4138.0
796,750.0,2,2.0,Unfurnished,Chhattarpur,3500000.0,New_Property,Builder_Floor,4138.0
797,700.0,2,2.0,Semi-Furnished,Chhattarpur Enclave Phase2,3000000.0,New_Property,Builder_Floor,4138.0
798,950.0,3,2.0,Semi-Furnished,Chhattarpur,7020000.0,New_Property,Builder_Floor,4138.0
799,1600.0,3,4.0,Unfurnished,Other,52250000.0,New_Property,Apartment,4138.0
800,900.0,2,2.0,Semi-Furnished,Chhattarpur,3500000.0,New_Property,Builder_Floor,4138.0
801,1500.0,3,3.0,Semi-Furnished,Chhattarpur,7000000.0,New_Property,Builder_Floor,4138.0
802,500.0,2,1.0,Semi-Furnished,Chhattarpur Enclave Phase2,7000000.0,Resale,Apartment,4138.0
803,1035.0,3,3.0,Semi-Furnished,Chhattarpur Enclave Phase2,4500000.0,New_Property,Builder_Floor,4138.0
804,825.0,3,2.0,Semi-Furnished,Other,5990000.0,New_Property,Builder_Floor,4138.0
805,1300.0,3,3.0,Semi-Furnished,Chhattarpur,4400000.0,New_Property,Builder_Floor,4138.0
806,765.0,2,2.0,Unfurnished,Chhattarpur,2500000.0,New_Property,Builder_Floor,4138.0
807,580.0,1,1.0,Semi-Furnished,Chhattarpur Enclave Phase2,1600000.0,New_Property,Builder_Floor,4138.0
808,1750.0,3,3.0,Semi-Furnished,Chhattarpur Enclave Phase2,6500000.0,New_Property,Builder_Floor,4138.0
809,650.0,2,2.0,Semi-Furnished,Mehrauli,2750000.0,Resale,Apartment,11291.5
810,405.0,1,1.0,Semi-Furnished,Mehrauli,1500000.0,New_Property,Apartment,11291.5
811,675.0,2,1.0,Unfurnished,Mehrauli,2200000.0,Resale,Builder_Floor,3259.0
812,850.0,2,2.0,Semi-Furnished,Mehrauli,2800000.0,Resale,Apartment,3294.0
813,800.0,3,3.0,Semi-Furnished,Mehrauli,4500000.0,Resale,Apartment,3294.0
814,405.0,1,1.0,Furnished,Mehrauli,1800000.0,Resale,Apartment,3294.0
815,1350.0,3,3.0,Unfurnished,Mehrauli,8500000.0,New_Property,Builder_Floor,3294.0
816,1350.0,3,3.0,Unfurnished,Mehrauli,8500000.0,New_Property,Apartment,3294.0
817,450.0,1,1.0,Unfurnished,Mehrauli,1700000.0,New_Property,Builder_Floor,3294.0
818,1300.0,3,3.0,Semi-Furnished,Mehrauli,7000000.0,New_Property,Builder_Floor,3294.0
819,1050.0,3,2.0,Unfurnished,Mehrauli,5600000.0,New_Property,Builder_Floor,3294.0
820,1675.0,4,3.0,Furnished,Mehrauli,13500000.0,Resale,Builder_Floor,8060.0
821,1250.0,3,3.0,Unfurnished,Mehrauli,8500000.0,New_Property,Builder_Floor,8060.0
822,1080.0,3,3.0,Unfurnished,Mehrauli,6000000.0,New_Property,Apartment,8060.0
823,1170.0,3,3.0,Unfurnished,Other,7200000.0,New_Property,Builder_Floor,8060.0
824,1250.0,3,2.0,Semi-Furnished,Mehrauli,6500000.0,Resale,Apartment,8060.0
825,1500.0,3,3.0,Semi-Furnished,Other,8400000.0,New_Property,Apartment,8060.0
826,1350.0,3,3.0,Unfurnished,Mehrauli,8500000.0,New_Property,Apartment,8060.0
827,855.0,2,2.0,Semi-Furnished,Mehrauli,4000000.0,Resale,Builder_Floor,4678.0
828,540.0,1,1.0,Unfurnished,Mehrauli,1700000.0,Resale,Builder_Floor,3148.0
829,1044.0983,3,2.0,Unfurnished,Mehrauli,6000000.0,Resale,Builder_Floor,3148.0
830,405.0,1,1.0,Semi-Furnished,Mehrauli,1600000.0,Resale,Apartment,3148.0
831,500.0,1,2.0,Semi-Furnished,Mehrauli,2100000.0,Resale,Apartment,4200.0
832,450.0,1,1.0,Furnished,Mehrauli,1700000.0,Resale,Apartment,3778.0
833,405.0,1,1.0,Unfurnished,Other,1500000.0,Resale,Apartment,3778.0
834,405.0,1,1.0,Unfurnished,Mehrauli,1200000.0,Resale,Builder_Floor,2963.0
835,450.0,1,1.0,Unfurnished,Other,1650000.0,Resale,Apartment,3667.0
837,1100.0,3,2.0,Unfurnished,Mehrauli,8500000.0,Resale,Builder_Floor,7727.0
838,600.0,2,2.0,Unfurnished,Mehrauli,3200000.0,Resale,Builder_Floor,5333.0
839,800.0,3,2.0,Semi-Furnished,Mahavir Enclave,4400000.0,New_Property,Builder_Floor,11291.5
841,1100.0,3,2.0,Semi-Furnished,Mahavir Enclave Part 1,7500000.0,New_Property,Builder_Floor,11291.5
842,1100.0,3,2.0,Unfurnished,Mahavir Enclave,6500000.0,New_Property,Apartment,11291.5
843,527.0,2,2.0,Semi-Furnished,Mahavir Enclave Part 1,3500000.0,Resale,Builder_Floor,11291.5
844,1000.0,2,2.0,Semi-Furnished,Mahavir Enclave Part 1,6500000.0,Resale,Builder_Floor,11291.5
845,1000.0,3,2.0,Semi-Furnished,Mahavir Enclave Part 1,6200000.0,Resale,Builder_Floor,11291.5
846,450.0,1,1.0,Semi-Furnished,Mahavir Enclave Part 1,2500000.0,New_Property,Builder_Floor,11291.5
847,600.0,2,2.0,Semi-Furnished,Mahavir Enclave,3000000.0,New_Property,Apartment,11291.5
848,950.0,3,2.0,Furnished,Mahavir Enclave Part 1,6000000.0,New_Property,Builder_Floor,11291.5
849,855.0,3,2.0,Unfurnished,Mahavir Enclave Part 1,4800000.0,Resale,Apartment,11291.5
850,770.0,2,2.0,Semi-Furnished,Mahavir Enclave,3790000.0,New_Property,Builder_Floor,4922.0
851,810.0,3,2.0,Semi-Furnished,Mahavir Enclave,4200000.0,New_Property,Apartment,4922.0
852,710.0,2,2.0,Unfurnished,Mahavir Enclave,2900000.0,Resale,Apartment,4922.0
853,950.0,3,2.0,Unfurnished,Mahavir Enclave Part 1,5000000.0,Resale,Builder_Floor,4922.0
854,450.0,1,1.0,Semi-Furnished,Mahavir Enclave Part 1,2100000.0,New_Property,Builder_Floor,4922.0
855,500.0,2,2.0,Semi-Furnished,Mahavir Enclave Part 1,3200000.0,Resale,Apartment,4922.0
856,600.0,2,1.0,Semi-Furnished,Mahavir Enclave Part 1,3000000.0,Resale,Apartment,4922.0
857,420.0,1,1.0,Unfurnished,Mahavir Enclave Part 1,2300000.0,Resale,Builder_Floor,4922.0
858,900.0,3,2.0,Semi-Furnished,Mahavir Enclave Part 1,5900000.0,New_Property,Builder_Floor,6556.0
859,945.0,3,2.0,Semi-Furnished,Mahavir Enclave Part 1,5500000.0,Resale,Apartment,5820.0
860,565.0,2,2.0,Unfurnished,Mahavir Enclave,3500000.0,Resale,Builder_Floor,5820.0
862,430.0,1,1.0,Unfurnished,Mahavir Enclave,1850000.0,New_Property,Builder_Floor,3778.0
863,550.0,2,2.0,Unfurnished,Mahavir Enclave,2300000.0,Resale,Builder_Floor,3778.0
869,378.0,1,2.0,Unfurnished,Other,1500000.0,Resale,Apartment,11291.5
870,450.0,1,1.0,Furnished,Other,2200000.0,Resale,Apartment,4889.0
871,900.0,2,2.0,Semi-Furnished,Other,3800000.0,Resale,Apartment,4222.0
872,360.0,1,1.0,Unfurnished,Other,1800000.0,Resale,Apartment,5000.0
873,559.7228,2,2.0,Furnished,Narela,2850000.0,Resale,Apartment,5092.0
874,350.0,1,1.0,Unfurnished,Narela,2500000.0,Resale,Apartment,7143.0
875,365.0,1,1.0,Unfurnished,Narela,3500000.0,Resale,Apartment,7143.0
876,390.0,1,1.0,Unfurnished,"DDA Lig Flats, Narela",2000000.0,Resale,Apartment,5128.0
877,350.0,1,1.0,Unfurnished,Other,3000000.0,Resale,Apartment,5128.0
880,500.0,1,1.0,Unfurnished,Other,1800000.0,Resale,Apartment,3600.0
881,350.0,1,1.0,Unfurnished,"DDA Lig Flats, Narela",1600000.0,Resale,Apartment,4571.0
882,379.0,1,1.0,Unfurnished,"DDA Lig Flats, Narela",1600000.0,Resale,Builder_Floor,4221.0
884,445.0,1,1.0,Unfurnished,Other,1500000.0,Resale,Apartment,4221.0
886,350.0,1,1.0,Unfurnished,Narela,1490000.0,New_Property,Apartment,4270.0
887,437.0,1,1.0,Furnished,"DDA Lig Flats, Narela",3500000.0,New_Property,Apartment,4270.0
890,900.0,2,2.0,Unfurnished,Other,4600000.0,Resale,Apartment,4270.0
891,350.0,1,1.0,Semi-Furnished,"DDA Lig Flats, Narela",1800000.0,Resale,Builder_Floor,5143.0
892,585.0,2,2.0,Unfurnished,Narela,1900000.0,Resale,Builder_Floor,3248.0
895,2077.4327,1,1.0,Unfurnished,Other,1000000.0,Resale,Builder_Floor,5051.0
897,990.0,3,2.0,Furnished,Narela,5000000.0,Resale,Builder_Floor,5051.0
898,425.0,1,1.0,Unfurnished,Narela,2200000.0,Resale,Apartment,5176.0
899,750.0,2,2.0,Unfurnished,Malviya Nagar,13000000.0,New_Property,Builder_Floor,11291.5
900,1400.0,3,3.0,Semi-Furnished,Other,34000000.0,New_Property,Builder_Floor,11291.5
903,2750.0,4,5.0,Unfurnished,"Geetanjali Enclave, Malviya Nagar",52250000.0,New_Property,Builder_Floor,11291.5
904,2050.0,4,4.0,Semi-Furnished,"Geetanjali Enclave, Malviya Nagar",52250000.0,New_Property,Builder_Floor,11291.5
906,850.0,2,2.0,Unfurnished,Malviya Nagar,8500000.0,Resale,Builder_Floor,14888.0
907,750.0,2,2.0,Unfurnished,Malviya Nagar,11500000.0,New_Property,Builder_Floor,14888.0
908,2600.0,4,5.0,Semi-Furnished,Other,52250000.0,New_Property,Builder_Floor,14888.0
909,800.0,2,2.0,Semi-Furnished,Malviya Nagar,12000000.0,New_Property,Builder_Floor,14888.0
910,550.0,2,2.0,Semi-Furnished,Malviya Nagar,10700000.0,Resale,Builder_Floor,14888.0
911,700.0,2,2.0,Semi-Furnished,Malviya Nagar,9000000.0,Resale,Apartment,14888.0
912,2316.0,3,4.0,Furnished,"Geetanjali Enclave, Malviya Nagar",52250000.0,Resale,Builder_Floor,14888.0
913,900.0,3,2.0,Semi-Furnished,Other,6200000.0,Resale,Apartment,14888.0
915,900.0,2,3.0,Semi-Furnished,Malviya Nagar,12500000.0,Resale,Builder_Floor,14888.0
916,1500.0,2,2.0,Semi-Furnished,Malviya Nagar,13000000.0,New_Property,Builder_Floor,14888.0
918,2000.0,4,4.0,Semi-Furnished,Malviya Nagar,36000000.0,New_Property,Builder_Floor,14888.0
919,500.0,1,1.0,Unfurnished,Malviya Nagar,2300000.0,Resale,Apartment,14888.0
920,1125.0,2,2.0,Unfurnished,Malviya Nagar,8100000.0,Resale,Builder_Floor,7200.0
921,1300.0,3,3.0,Semi-Furnished,Malviya Nagar,10000000.0,Resale,Builder_Floor,7200.0
922,2500.0,4,5.0,Unfurnished,"Geetanjali Enclave, Malviya Nagar",52250000.0,New_Property,Builder_Floor,7200.0
923,2200.0,4,5.0,Semi-Furnished,"Geetanjali Enclave, Malviya Nagar",52250000.0,New_Property,Builder_Floor,7200.0
924,1290.0,3,2.0,Semi-Furnished,Malviya Nagar,20000000.0,Resale,Builder_Floor,7200.0
925,2250.0,4,4.0,Semi-Furnished,"Geetanjali Enclave, Malviya Nagar",52250000.0,New_Property,Builder_Floor,7200.0
926,1350.0,3,3.0,Semi-Furnished,Other,30000000.0,New_Property,Builder_Floor,7200.0
927,1400.0,3,3.0,Semi-Furnished,Other,30000000.0,New_Property,Builder_Floor,21429.0
928,1700.0,3,3.0,Unfurnished,Other,30000000.0,New_Property,Builder_Floor,21429.0
929,450.0,1,1.0,Unfurnished,"Dilshad Colony, Dilshad Garden",3300000.0,Resale,Apartment,11291.5
930,750.0,2,1.0,Unfurnished,Other,7350000.0,Resale,Apartment,11291.5
931,1500.0,4,1.0,Unfurnished,Other,12500000.0,Resale,Apartment,11291.5
932,400.0,1,1.0,Semi-Furnished,"Dilshad Colony, Dilshad Garden",3500000.0,Resale,Apartment,11291.5
933,650.0,2,2.0,Unfurnished,"Dilshad Colony, Dilshad Garden",6500000.0,Resale,Builder_Floor,11291.5
934,900.0,2,2.0,Furnished,"Dilshad Colony, Dilshad Garden",6900000.0,Resale,Builder_Floor,7666.0
935,400.0,1,1.0,Unfurnished,"Dilshad Colony, Dilshad Garden",3600000.0,Resale,Builder_Floor,7666.0
936,900.0,3,2.0,Semi-Furnished,"Dilshad Colony, Dilshad Garden",13500000.0,Resale,Apartment,7666.0
937,1000.0,3,2.0,Furnished,Other,9200000.0,Resale,Apartment,9200.0
938,405.0,1,1.0,Unfurnished,"Dilshad Colony, Dilshad Garden",2500000.0,Resale,Apartment,9200.0
939,1700.0,3,2.0,Furnished,Other,17000000.0,Resale,Apartment,9200.0
940,800.0,3,2.0,Semi-Furnished,Other,9030000.0,Resale,Apartment,9200.0
941,1076.39,3,2.0,Unfurnished,"Dilshad Colony, Dilshad Garden",9300000.0,Resale,Builder_Floor,8640.0
942,750.0,2,1.0,Semi-Furnished,Other,6500000.0,New_Property,Apartment,8640.0
944,370.0,1,1.0,Unfurnished,"Dilshad Colony, Dilshad Garden",2400000.0,Resale,Builder_Floor,6486.0
945,1800.0,3,3.0,Semi-Furnished,"Dilshad Colony, Dilshad Garden",15000000.0,New_Property,Builder_Floor,8333.0
946,1080.0,3,1.0,Unfurnished,Other,7000000.0,New_Property,Apartment,8333.0
947,350.0,1,1.0,Unfurnished,Other,4200000.0,Resale,Apartment,12000.0
948,500.0,2,1.0,Furnished,Other,5800000.0,Resale,Apartment,12000.0
949,900.0,3,2.0,Semi-Furnished,"Dilshad Colony, Dilshad Garden",4800000.0,Resale,Apartment,12000.0
950,800.0,2,2.0,Semi-Furnished,"Dilshad Colony, Dilshad Garden",7500000.0,Resale,Apartment,9375.0
951,350.0,1,1.0,Unfurnished,Other,3000000.0,Resale,Apartment,9375.0
952,430.556,1,1.0,Unfurnished,Other,4300000.0,Resale,Apartment,9375.0
953,500.0,1,1.0,Semi-Furnished,"Dilshad Colony, Dilshad Garden",2600000.0,Resale,Builder_Floor,5200.0
954,1450.0,2,2.0,Unfurnished,Other,7000000.0,Resale,Apartment,5200.0
955,800.0,2,2.0,Unfurnished,"Dilshad Colony, Dilshad Garden",6000000.0,Resale,Builder_Floor,7500.0
956,1000.0,2,2.0,Semi-Furnished,"Dilshad Colony, Dilshad Garden",6700000.0,Resale,Apartment,6700.0
957,1000.0,3,3.0,Furnished,Other,9500000.0,Resale,Apartment,9500.0
958,1600.0,3,2.0,Semi-Furnished,Other,17000000.0,Resale,Apartment,10625.0
959,900.0,2,2.0,Semi-Furnished,Vasundhara Enclave,8000000.0,Resale,Apartment,11291.5
960,1500.0,3,3.0,Semi-Furnished,Vasundhara Enclave,12000000.0,Resale,Apartment,11291.5
961,1050.0,2,2.0,Semi-Furnished,Vasundhara Enclave,9000000.0,Resale,Apartment,11291.5
962,1300.0,3,2.0,Semi-Furnished,Other,11500000.0,Resale,Apartment,11291.5
963,1600.0,4,3.0,Furnished,Other,20000000.0,Resale,Apartment,11291.5
964,900.0,2,2.0,Semi-Furnished,Other,8550000.0,Resale,Apartment,11291.5
965,1350.0,4,4.0,Semi-Furnished,Other,10500000.0,Resale,Apartment,11291.5
966,1000.0,3,2.0,Furnished,Other,12000000.0,Resale,Apartment,11291.5
967,1400.0,3,2.0,Unfurnished,Other,11000000.0,Resale,Apartment,11291.5
968,975.0,3,2.0,Semi-Furnished,Vasundhara Enclave,12000000.0,Resale,Apartment,11291.5
969,900.0,2,2.0,Unfurnished,Other,9000000.0,Resale,Apartment,11291.5
970,1100.0,2,2.0,Semi-Furnished,Vasundhara Enclave,10000000.0,Resale,Apartment,11291.5
971,950.0,2,2.0,Unfurnished,Vasundhara Enclave,8100000.0,Resale,Apartment,11291.5
972,1300.0,3,3.0,Furnished,Vasundhara Enclave,9200000.0,Resale,Apartment,11291.5
973,1459.0,3,3.0,Semi-Furnished,Vasundhara Enclave,14200000.0,Resale,Apartment,11291.5
974,1000.0,2,2.0,Semi-Furnished,Other,7500000.0,Resale,Apartment,11291.5
975,1100.0,2,2.0,Semi-Furnished,Other,9500000.0,Resale,Apartment,11291.5
976,1450.0,3,2.0,Furnished,Other,14000000.0,Resale,Apartment,9655.0
977,1450.0,3,3.0,Semi-Furnished,Other,11600000.0,Resale,Apartment,9655.0
978,1150.0,3,3.0,Semi-Furnished,Vasundhara Enclave,12000000.0,Resale,Apartment,9655.0
979,780.0,2,2.0,Semi-Furnished,Vasundhara Enclave,7500000.0,Resale,Apartment,9655.0
980,1300.0,3,2.0,Semi-Furnished,Other,9800000.0,Resale,Apartment,9655.0
981,1350.0,3,3.0,Semi-Furnished,Other,12000000.0,Resale,Apartment,9655.0
982,1200.0,3,2.0,Semi-Furnished,Other,12500000.0,Resale,Apartment,9655.0
983,1460.0,3,3.0,Semi-Furnished,Other,16500000.0,Resale,Apartment,9655.0
984,1460.0,3,3.0,Unfurnished,Vasundhara Enclave,12000000.0,Resale,Apartment,9655.0
985,1100.0,2,2.0,Unfurnished,Vasundhara Enclave,7200000.0,Resale,Apartment,9655.0
986,1500.0,3,3.0,Furnished,Other,15000000.0,Resale,Apartment,10000.0
987,1050.0,2,2.0,Semi-Furnished,Other,10000000.0,Resale,Apartment,10000.0
988,1350.0,3,3.0,Semi-Furnished,Other,11000000.0,Resale,Apartment,10000.0
989,1500.0,2,2.0,Furnished,Other,24700000.0,New_Property,Apartment,16466.0
990,976.0,2,2.0,Furnished,Other,24900000.0,New_Property,Apartment,25512.0
991,540.0,2,1.0,Semi-Furnished,Other,3600000.0,New_Property,Builder_Floor,25512.0
992,450.0,1,1.0,Semi-Furnished,Other,1700000.0,New_Property,Builder_Floor,25512.0
993,900.0,2,2.0,Unfurnished,"Sukhdev Vihar, Okhla",11000000.0,Resale,Apartment,25512.0
998,1531.0,2,2.0,Unfurnished,Other,25900000.0,New_Property,Apartment,16917.0
999,1000.0,2,2.0,Unfurnished,"Sukhdev Vihar, Okhla",11700000.0,Resale,Builder_Floor,16917.0
1000,750.0,3,2.0,Furnished,"Sukhdev Vihar, Okhla",13500000.0,Resale,Apartment,16917.0
1001,900.0,3,2.0,Furnished,Other,5500000.0,Resale,Builder_Floor,16917.0
1002,1512.0,2,2.0,Unfurnished,Other,30000000.0,New_Property,Apartment,19841.0
1004,1500.0,3,2.0,Semi-Furnished,"Sukhdev Vihar, Okhla",16000000.0,Resale,Apartment,19841.0
1006,2210.0,4,3.0,Semi-Furnished,"Sukhdev Vihar, Okhla",41000000.0,Resale,Builder_Floor,10320.0
1007,750.0,2,2.0,Semi-Furnished,Other,3800000.0,Resale,Builder_Floor,10320.0
1008,2518.7526,4,5.0,Unfurnished,Other,52250000.0,New_Property,Apartment,10320.0
1009,588.0,2,2.0,Unfurnished,Other,1800000.0,New_Property,Apartment,10320.0
1010,540.0,2,1.0,Unfurnished,Other,1500000.0,Resale,Builder_Floor,2778.0
1011,1100.0,3,3.0,Semi-Furnished,"Sukhdev Vihar, Okhla",12500000.0,Resale,Apartment,2778.0
1012,550.0,2,1.0,Semi-Furnished,Other,1600000.0,Resale,Apartment,2778.0
1013,750.0,3,2.0,Semi-Furnished,Other,2400000.0,Resale,Builder_Floor,2778.0
1014,1260.0,3,2.0,Semi-Furnished,Other,7000000.0,Resale,Builder_Floor,5556.0
1015,675.0,2,2.0,Unfurnished,Other,3100000.0,Resale,Builder_Floor,5556.0
1016,810.0,2,2.0,Semi-Furnished,"Sukhdev Vihar, Okhla",14500000.0,Resale,Apartment,5556.0
1018,2000.0,4,4.0,Semi-Furnished,"Sukhdev Vihar, Okhla",27500000.0,Resale,Builder_Floor,5556.0
1019,1775.0,3,3.0,Semi-Furnished,"The Amaryllis, Karol Bagh",25500000.0,New_Property,Apartment,14366.0
1020,1135.0,3,3.0,Furnished,"The Amaryllis, Karol Bagh",25000000.0,Resale,Apartment,14366.0
1021,1252.0,2,2.0,Semi-Furnished,"The Amaryllis, Karol Bagh",18500000.0,New_Property,Apartment,14776.0
1022,2000.0,4,4.0,Semi-Furnished,"The Amaryllis, Karol Bagh",39700000.0,New_Property,Apartment,14776.0
1024,1332.0,3,2.0,Semi-Furnished,Other,6540000.0,Resale,Builder_Floor,14776.0
1025,1017.0,3,3.0,Semi-Furnished,"The Amaryllis, Karol Bagh",22000000.0,New_Property,Apartment,14776.0
1026,1775.0,3,3.0,Semi-Furnished,"The Amaryllis, Karol Bagh",25500000.0,New_Property,Apartment,14366.0
1027,987.0,2,2.0,Semi-Furnished,"The Amaryllis, Karol Bagh",17000000.0,New_Property,Apartment,14366.0
1028,1912.0,3,3.0,Semi-Furnished,"The Amaryllis, Karol Bagh",27500000.0,New_Property,Apartment,14382.0
1030,2805.0,4,4.0,Unfurnished,"The Amaryllis, Karol Bagh",52250000.0,Resale,Apartment,14092.0
1031,1500.0,3,3.0,Unfurnished,Other,16000000.0,Resale,Apartment,14092.0
1032,1280.0,3,3.0,Furnished,Other,15000000.0,Resale,Builder_Floor,14092.0
1033,1775.0,3,3.0,Semi-Furnished,"The Amaryllis, Karol Bagh",25500000.0,New_Property,Apartment,14366.0
1034,675.0,2,2.0,Semi-Furnished,Other,10000000.0,Resale,Builder_Floor,14815.0
1035,576.0,2,2.0,Unfurnished,Other,5000000.0,Resale,Apartment,14815.0
1036,1206.0,3,3.0,Semi-Furnished,Other,20000000.0,Resale,Builder_Floor,16584.0
1039,720.0,2,1.0,Semi-Furnished,Other,7000000.0,Resale,Builder_Floor,9722.0
1041,1600.0,3,3.0,Semi-Furnished,Other,24000000.0,New_Property,Builder_Floor,8761.0
1042,950.0,2,2.0,Furnished,Other,12500000.0,Resale,Apartment,8761.0
1043,535.0,2,1.0,Furnished,Other,3900000.0,New_Property,Apartment,7290.0
1044,1200.0,3,2.0,Semi-Furnished,Other,14500000.0,Resale,Builder_Floor,7290.0
1045,1501.0,3,2.0,Semi-Furnished,"The Amaryllis, Karol Bagh",20000000.0,Resale,Apartment,13324.0
1046,1135.0,3,3.0,Furnished,"The Amaryllis, Karol Bagh",24500000.0,Resale,Apartment,13324.0
1047,1200.0,3,2.0,Semi-Furnished,"The Amaryllis, Karol Bagh",20900000.0,Resale,Apartment,13324.0
1048,2200.0,3,3.0,Semi-Furnished,"The Amaryllis, Karol Bagh",43100000.0,New_Property,Apartment,13324.0
1049,1240.0,3,3.0,Unfurnished,Other,18000000.0,Resale,Apartment,11291.5
1051,1350.0,3,2.0,Unfurnished,"New Moti Nagar, Kirti Nagar",18500000.0,Resale,Apartment,11291.5
1052,2300.0,4,5.0,Semi-Furnished,"New Moti Nagar, Kirti Nagar",46500000.0,New_Property,Apartment,11291.5
1053,1429.0,3,3.0,Unfurnished,"New Moti Nagar, Kirti Nagar",17500000.0,Resale,Apartment,11291.5
1054,2430.0,4,5.0,Semi-Furnished,"New Moti Nagar, Kirti Nagar",42500000.0,Resale,Apartment,11291.5
1055,1450.0,3,3.0,Semi-Furnished,"DLF Capital Greens, New Moti Nagar, Kirti Nagar",15500000.0,New_Property,Apartment,11291.5
1056,1250.0,2,2.0,Furnished,"DLF Capital Greens, New Moti Nagar, Kirti Nagar",15000000.0,Resale,Apartment,11291.5
1057,2800.0,4,4.0,Unfurnished,"DLF Capital Greens, New Moti Nagar, Kirti Nagar",40000000.0,Resale,Apartment,14285.0
1058,1646.0,3,3.0,Unfurnished,"DLF Capital Greens, New Moti Nagar, Kirti Nagar",20000000.0,Resale,Apartment,12151.0
1059,900.0,2,2.0,Semi-Furnished,"New Moti Nagar, Kirti Nagar",6700000.0,Resale,Apartment,12151.0
1060,1250.0,3,2.0,Semi-Furnished,"DLF Capital Greens, New Moti Nagar, Kirti Nagar",16000000.0,Resale,Apartment,12151.0
1061,900.0,3,2.0,Unfurnished,"New Moti Nagar, Kirti Nagar",8000000.0,Resale,Builder_Floor,8889.0
1062,1590.0,3,2.0,Unfurnished,"DLF Capital Greens, New Moti Nagar, Kirti Nagar",25000000.0,New_Property,Apartment,8889.0
1063,990.0,3,2.0,Unfurnished,"New Moti Nagar, Kirti Nagar",25000000.0,Resale,Apartment,8889.0
1064,2282.0,4,5.0,Unfurnished,"DLF Capital Greens, New Moti Nagar, Kirti Nagar",37500000.0,Resale,Apartment,8889.0
1065,1260.0,3,3.0,Semi-Furnished,"DLF Capital Greens, New Moti Nagar, Kirti Nagar",25000000.0,Resale,Apartment,8889.0
1066,1457.0,3,3.0,Unfurnished,"New Moti Nagar, Kirti Nagar",23000000.0,Resale,Apartment,8889.0
1067,1400.0,3,2.0,Semi-Furnished,"New Moti Nagar, Kirti Nagar",17500000.0,Resale,Apartment,8889.0
1068,2175.0,4,4.0,Unfurnished,Other,44000000.0,Resale,Apartment,8889.0
1069,1450.0,3,3.0,Semi-Furnished,"DLF Capital Greens, New Moti Nagar, Kirti Nagar",15000000.0,New_Property,Apartment,8889.0
1070,2800.0,4,5.0,Semi-Furnished,"DLF Capital Greens, New Moti Nagar, Kirti Nagar",42500000.0,Resale,Apartment,15178.0
1071,861.112,2,2.0,Furnished,"New Moti Nagar, Kirti Nagar",5000000.0,Resale,Builder_Floor,5806.0
1072,2282.0,4,5.0,Unfurnished,"DLF Capital Greens, New Moti Nagar, Kirti Nagar",38000000.0,Resale,Apartment,5806.0
1073,1753.0,3,3.0,Unfurnished,"DLF Capital Greens, New Moti Nagar, Kirti Nagar",19000000.0,Resale,Apartment,10838.0
1074,2659.0,4,5.0,Unfurnished,"New Moti Nagar, Kirti Nagar",43500000.0,Resale,Apartment,10838.0
1075,1550.0,3,2.0,Unfurnished,"New Moti Nagar, Kirti Nagar",19500000.0,Resale,Apartment,10838.0
1076,1470.0,3,2.0,Semi-Furnished,"DLF Capital Greens, New Moti Nagar, Kirti Nagar",14200000.0,New_Property,Apartment,10838.0
1078,1138.0,2,2.0,Semi-Furnished,"New Moti Nagar, Kirti Nagar",13500000.0,New_Property,Apartment,10838.0
1079,1600.0,3,3.0,Semi-Furnished,Sheikh Sarai Phase 1,21000000.0,New_Property,Builder_Floor,11291.5
1080,1600.0,3,3.0,Semi-Furnished,Sheikh Sarai Phase 1,22500000.0,Resale,Builder_Floor,11291.5
1081,1250.0,2,4.0,Semi-Furnished,Other,19000000.0,Resale,Builder_Floor,11291.5
1082,810.0,3,2.0,Semi-Furnished,Other,7500000.0,Resale,Builder_Floor,11291.5
1083,585.0,2,2.0,Semi-Furnished,Other,4000000.0,Resale,Builder_Floor,11291.5
1084,1700.0,3,3.0,Unfurnished,Other,8000000.0,Resale,Builder_Floor,11291.5
1085,1800.0,3,4.0,Semi-Furnished,Sheikh Sarai Phase 1,19000000.0,Resale,Apartment,10556.0
1086,600.0,1,1.0,Unfurnished,Other,7000000.0,New_Property,Apartment,10556.0
1087,1250.0,3,3.0,Unfurnished,Other,5800000.0,New_Property,Builder_Floor,10556.0
1089,1600.0,3,4.0,Unfurnished,Sheikh Sarai Phase 1,18800000.0,Resale,Apartment,10556.0
1090,1100.0,3,2.0,Semi-Furnished,Other,6000000.0,New_Property,Builder_Floor,10556.0
1091,450.0,1,1.0,Unfurnished,Other,2200000.0,New_Property,Apartment,10556.0
1092,855.0,3,2.0,Semi-Furnished,Other,6500000.0,Resale,Builder_Floor,10556.0
1093,1291.668,3,2.0,Unfurnished,Sheikh Sarai Phase 1,23500000.0,Resale,Apartment,10556.0
1094,1300.0,2,2.0,Semi-Furnished,Sheikh Sarai Phase 1,16000000.0,Resale,Apartment,12307.0
1095,1350.0,3,3.0,Unfurnished,Sheikh Sarai Phase 1,20000000.0,Resale,Apartment,12307.0
1096,900.0,2,2.0,Unfurnished,Sheikh Sarai Phase 1,5500000.0,New_Property,Builder_Floor,12307.0
1097,850.0,2,2.0,Semi-Furnished,Sheikh Sarai Phase 1,13500000.0,Resale,Apartment,15882.0
1098,1650.0,3,3.0,Semi-Furnished,Sheikh Sarai Phase 1,22500000.0,Resale,Builder_Floor,15882.0
1099,650.0,2,2.0,Unfurnished,Other,3800000.0,Resale,Apartment,15882.0
1104,1100.0,2,2.0,Semi-Furnished,Sheikh Sarai Phase 1,12500000.0,Resale,Apartment,11363.0
1105,1400.0,3,2.0,Semi-Furnished,Sheikh Sarai Phase 1,19000000.0,Resale,Apartment,13571.0
1106,1300.0,2,2.0,Semi-Furnished,Sheikh Sarai Phase 1,15500000.0,Resale,Apartment,11923.0
1107,1100.0,2,2.0,Semi-Furnished,Sheikh Sarai Phase 1,13500000.0,Resale,Apartment,12272.0
1108,1600.0,3,3.0,Semi-Furnished,Sheikh Sarai Phase 1,21000000.0,Resale,Apartment,13125.0
1109,2250.0,4,4.0,Semi-Furnished,Other,50000000.0,New_Property,Builder_Floor,11291.5
1110,2592.0,4,3.0,Unfurnished,Other,42500000.0,Resale,Builder_Floor,11291.5
1111,1800.0,4,4.0,Unfurnished,Punjabi Bagh West,45500000.0,New_Property,Builder_Floor,11291.5
1112,1700.0,3,3.0,Semi-Furnished,Other,23000000.0,Resale,Builder_Floor,11291.5
1113,1640.0,3,3.0,Unfurnished,Punjabi Bagh West,12000000.0,Resale,Apartment,11291.5
1114,2572.0,3,3.0,Furnished,Punjabi Bagh West,35000000.0,Resale,Apartment,13608.0
1115,2100.0,3,3.0,Semi-Furnished,Other,25000000.0,Resale,Builder_Floor,11905.0
1116,1620.0,3,3.0,Semi-Furnished,Other,29000000.0,New_Property,Builder_Floor,11905.0
1117,2500.0,4,4.0,Semi-Furnished,Punjabi Bagh West,52250000.0,New_Property,Builder_Floor,11905.0
1118,2250.0,3,3.0,Semi-Furnished,Punjabi Bagh West,20500000.0,Resale,Apartment,11905.0
1119,2445.0,4,4.0,Semi-Furnished,Other,52250000.0,Resale,Apartment,11905.0
1120,2250.0,4,4.0,Unfurnished,Other,37500000.0,New_Property,Builder_Floor,11905.0
1121,800.0,2,2.0,Semi-Furnished,Other,7500000.0,Resale,Apartment,11905.0
1122,1450.0,3,3.0,Semi-Furnished,Other,32500000.0,Resale,Builder_Floor,11905.0
1123,1440.0,3,3.0,Unfurnished,Other,24500000.0,Resale,Builder_Floor,11905.0
1125,1800.0,3,3.0,Semi-Furnished,Other,27500000.0,New_Property,Builder_Floor,11905.0
1128,807.2925,2,1.0,Semi-Furnished,Other,8000000.0,Resale,Builder_Floor,9909.0
1130,1000.0,2,2.0,Semi-Furnished,Other,7800000.0,Resale,Apartment,7800.0
1131,900.0,2,2.0,Semi-Furnished,Other,15000000.0,Resale,Builder_Floor,16667.0
1132,1800.0,3,3.0,Furnished,Other,27500000.0,Resale,Builder_Floor,15278.0
1134,2340.0,4,4.0,Semi-Furnished,Other,26000000.0,Resale,Builder_Floor,15278.0
1135,1350.0,3,3.0,Unfurnished,Other,23500000.0,Resale,Apartment,15278.0
1137,954.0,2,2.0,Unfurnished,Other,10000000.0,Resale,Builder_Floor,15278.0
1138,1155.0,2,2.0,Semi-Furnished,Other,18500000.0,Resale,Builder_Floor,15278.0
1139,700.0,2,2.0,Unfurnished,Alaknanda,16500000.0,Resale,Apartment,11291.5
1140,980.0,2,2.0,Semi-Furnished,Other,13800000.0,Resale,Apartment,11291.5
1141,1350.0,3,3.0,Semi-Furnished,"Narmada Apartment, Alaknanda",21000000.0,Resale,Apartment,11291.5
1142,1800.0,3,3.0,Semi-Furnished,Other,22500000.0,Resale,Apartment,11291.5
1143,968.751,2,2.0,Semi-Furnished,Other,15000000.0,Resale,Apartment,11291.5
1144,1250.0,3,3.0,Semi-Furnished,"Narmada Apartment, Alaknanda",20000000.0,New_Property,Apartment,11291.5
1145,1800.0,3,3.0,Furnished,Other,20000000.0,New_Property,Apartment,11291.5
1146,1400.0,3,2.0,Semi-Furnished,Other,26000000.0,Resale,Builder_Floor,11291.5
1147,1000.0,3,3.0,Semi-Furnished,"Narmada Apartment, Alaknanda",19500000.0,Resale,Apartment,11291.5
1148,1800.0,4,2.0,Semi-Furnished,Other,21500000.0,Resale,Apartment,11291.5
1149,1500.0,3,3.0,Unfurnished,Alaknanda,26500000.0,New_Property,Apartment,11291.5
1150,1600.0,3,3.0,Semi-Furnished,"Narmada Apartment, Alaknanda",20000000.0,Resale,Apartment,12500.0
1151,1400.0,3,3.0,Furnished,"Narmada Apartment, Alaknanda",18000000.0,Resale,Apartment,12500.0
1152,1400.0,3,2.0,Unfurnished,Alaknanda,19000000.0,Resale,Apartment,12500.0
1153,2700.0,4,4.0,Unfurnished,Other,36500000.0,Resale,Builder_Floor,12500.0
1154,1100.0,2,2.0,Unfurnished,Alaknanda,15000000.0,Resale,Apartment,12500.0
1155,1200.0,2,2.0,Semi-Furnished,Alaknanda,17500000.0,Resale,Apartment,12500.0
1156,1400.0,2,2.0,Semi-Furnished,Alaknanda,14000000.0,Resale,Apartment,12500.0
1157,1500.0,3,3.0,Semi-Furnished,Other,21000000.0,Resale,Apartment,12500.0
1158,1320.0,3,2.0,Unfurnished,Alaknanda,15600000.0,Resale,Apartment,12500.0
1159,1300.0,3,3.0,Unfurnished,Other,19000000.0,Resale,Apartment,12500.0
1160,1150.0,2,2.0,Unfurnished,"Narmada Apartment, Alaknanda",16500000.0,Resale,Apartment,12500.0
1161,1440.0,3,3.0,Unfurnished,Alaknanda,19000000.0,Resale,Apartment,12500.0
1162,1400.0,2,2.0,Unfurnished,Other,16500000.0,Resale,Apartment,12500.0
1163,450.0,1,1.0,Semi-Furnished,Alaknanda,3000000.0,Resale,Builder_Floor,12500.0
1164,1300.0,2,2.0,Semi-Furnished,Other,15000000.0,Resale,Apartment,11538.0
1165,1200.0,2,2.0,Unfurnished,Other,14300000.0,Resale,Apartment,11538.0
1166,1300.0,3,2.0,Unfurnished,Other,18500000.0,Resale,Apartment,11538.0
1167,1400.0,3,3.0,Furnished,Other,19000000.0,Resale,Apartment,11538.0
1168,1400.0,3,3.0,Semi-Furnished,Alaknanda,19000000.0,Resale,Apartment,11538.0
1169,500.0,2,2.0,Semi-Furnished,"Govindpuri Extension, Kalkaji",3300000.0,New_Property,Builder_Floor,11291.5
1170,700.0,2,2.0,Semi-Furnished,"Govindpuri Extension, Kalkaji",3800000.0,New_Property,Builder_Floor,11291.5
1171,900.0,3,3.0,Semi-Furnished,"Govindpuri Extension, Kalkaji",7000000.0,New_Property,Builder_Floor,11291.5
1172,1260.0,3,3.0,Semi-Furnished,Other,16500000.0,Resale,Builder_Floor,11291.5
1173,950.0,3,2.0,Semi-Furnished,"Govindpuri Extension, Kalkaji",8000000.0,New_Property,Apartment,11291.5
1174,405.0,1,1.0,Unfurnished,Other,5600000.0,Resale,Builder_Floor,11291.5
1175,1800.0,2,2.0,Furnished,Other,21000000.0,Resale,Builder_Floor,11291.5
1176,1300.0,3,3.0,Semi-Furnished,Other,21000000.0,Resale,Builder_Floor,11291.5
1177,1000.0,3,3.0,Semi-Furnished,"Govindpuri Extension, Kalkaji",8600000.0,New_Property,Apartment,11291.5
1178,900.0,3,2.0,Semi-Furnished,Other,6600000.0,Resale,Apartment,11291.5
1179,1800.0,3,3.0,Semi-Furnished,"Govindpuri Extension, Kalkaji",14000000.0,Resale,Builder_Floor,11291.5
1180,720.0,2,2.0,Unfurnished,"Govindpuri Extension, Kalkaji",4700000.0,Resale,Builder_Floor,11291.5
1181,1485.0,3,3.0,Unfurnished,Other,30000000.0,Resale,Apartment,11291.5
1182,1600.0,3,3.0,Semi-Furnished,Other,26000000.0,Resale,Builder_Floor,11291.5
1183,1200.0,2,2.0,Furnished,Other,18500000.0,Resale,Apartment,11291.5
1184,900.0,2,2.0,Semi-Furnished,Other,6500000.0,Resale,Apartment,11291.5
1185,900.0,2,2.0,Unfurnished,Other,15000000.0,Resale,Apartment,11291.5
1186,800.0,2,2.0,Semi-Furnished,Other,8000000.0,Resale,Builder_Floor,10000.0
1187,1150.0,2,3.0,Semi-Furnished,Other,16100000.0,Resale,Apartment,10000.0
1188,900.0,3,3.0,Semi-Furnished,"Govindpuri Extension, Kalkaji",6800000.0,New_Property,Builder_Floor,10000.0
1189,1070.0,3,2.0,Furnished,Other,6800000.0,Resale,Apartment,10000.0
1190,1050.0,2,2.0,Unfurnished,Other,9000000.0,Resale,Apartment,10000.0
1191,1000.0,2,2.0,Semi-Furnished,Other,18000000.0,Resale,Builder_Floor,18000.0
1192,1550.0,3,3.0,Unfurnished,Other,27500000.0,Resale,Builder_Floor,18000.0
1193,1300.0,3,2.0,Unfurnished,Other,13500000.0,Resale,Apartment,18000.0
1194,810.0,2,2.0,Semi-Furnished,Other,14000000.0,New_Property,Builder_Floor,18000.0
1195,900.0,2,2.0,Furnished,Other,9000000.0,Resale,Builder_Floor,18000.0
1196,1200.0,2,2.0,Unfurnished,Other,16000000.0,Resale,Apartment,18000.0
1197,1000.0,2,3.0,Semi-Furnished,Other,11000000.0,Resale,Apartment,18000.0
1198,720.0,2,2.0,Unfurnished,"Govindpuri Extension, Kalkaji",5500000.0,New_Property,Builder_Floor,18000.0
1199,2520.0,3,3.0,Unfurnished,Hauz Khas,47500000.0,New_Property,Builder_Floor,11291.5
1200,1700.0,3,4.0,Unfurnished,Hauz Khas,45000000.0,New_Property,Builder_Floor,11291.5
1201,1800.0,3,3.0,Semi-Furnished,Hauz Khas,43500000.0,New_Property,Builder_Floor,24166.0
1214,1200.0,2,2.0,Furnished,"Hauz Khas Enclave, Hauz Khas",27500000.0,Resale,Builder_Floor,18055.0
1215,1500.0,3,4.0,Unfurnished,Hauz Khas,45000000.0,Resale,Builder_Floor,18055.0
1216,2250.0,4,4.0,Unfurnished,"Hauz Khas Enclave, Hauz Khas",52250000.0,New_Property,Builder_Floor,18055.0
1217,1800.0,3,4.0,Semi-Furnished,Hauz Khas,47000000.0,New_Property,Builder_Floor,18055.0
1218,1600.0,3,4.0,Semi-Furnished,Hauz Khas,27500000.0,Resale,Builder_Floor,18055.0
1219,2800.0,4,5.0,Semi-Furnished,Hauz Khas,52250000.0,New_Property,Builder_Floor,25000.0
1220,1700.0,3,3.0,Semi-Furnished,Other,36500000.0,Resale,Apartment,25000.0
1221,2400.0,4,5.0,Unfurnished,"Hauz Khas Enclave, Hauz Khas",52250000.0,Resale,Builder_Floor,25000.0
1222,1980.0,3,4.0,Unfurnished,Other,35000000.0,New_Property,Apartment,17677.0
1223,2100.0,4,5.0,Semi-Furnished,"Hauz Khas Enclave, Hauz Khas",52250000.0,New_Property,Builder_Floor,17677.0
1225,1250.0,3,3.0,Semi-Furnished,Other,24000000.0,Resale,Builder_Floor,17677.0
1226,2300.0,4,4.0,Semi-Furnished,Hauz Khas,52250000.0,New_Property,Builder_Floor,17677.0
1229,2097.0,3,3.0,Unfurnished,Chittaranjan Park,29000000.0,Resale,Builder_Floor,11291.5
1230,1250.0,3,3.0,Semi-Furnished,Other,25500000.0,New_Property,Builder_Floor,11291.5
1231,1600.0,3,3.0,Semi-Furnished,Chittaranjan Park,33500000.0,New_Property,Builder_Floor,20938.0
1232,2600.0,4,5.0,Semi-Furnished,Chittaranjan Park,52250000.0,New_Property,Builder_Floor,20938.0
1233,1700.0,3,3.0,Semi-Furnished,Chittaranjan Park,47500000.0,New_Property,Builder_Floor,20938.0
1234,1116.0,3,3.0,Semi-Furnished,Chittaranjan Park,14700000.0,Resale,Builder_Floor,20938.0
1235,1070.0,2,3.0,Semi-Furnished,Chittaranjan Park,18000000.0,New_Property,Builder_Floor,20938.0
1236,1200.0,3,3.0,Semi-Furnished,Chittaranjan Park,22500000.0,New_Property,Builder_Floor,20938.0
1237,1200.0,3,3.0,Unfurnished,Chittaranjan Park,22000000.0,New_Property,Builder_Floor,18333.0
1238,1200.0,3,3.0,Semi-Furnished,Chittaranjan Park,22200000.0,New_Property,Builder_Floor,18333.0
1239,1450.0,3,3.0,Semi-Furnished,Chittaranjan Park,22500000.0,Resale,Builder_Floor,18333.0
1240,1000.0,2,2.0,Semi-Furnished,Chittaranjan Park,7500000.0,Resale,Apartment,18333.0
1241,2430.0,4,4.0,Furnished,Chittaranjan Park,30000000.0,Resale,Builder_Floor,18333.0
1242,945.0,2,1.0,Unfurnished,Chittaranjan Park,6500000.0,Resale,Apartment,6878.0
1243,1650.0,3,3.0,Unfurnished,Chittaranjan Park,35000000.0,New_Property,Builder_Floor,6878.0
1244,1350.0,3,2.0,Semi-Furnished,Other,17500000.0,Resale,Builder_Floor,6878.0
1245,2625.0,4,5.0,Semi-Furnished,Chittaranjan Park,52250000.0,New_Property,Builder_Floor,6878.0
1246,1800.0,4,4.0,Semi-Furnished,Chittaranjan Park,40000000.0,New_Property,Builder_Floor,6878.0
1248,1440.0,3,3.0,Semi-Furnished,Chittaranjan Park,22500000.0,New_Property,Builder_Floor,6878.0
1249,1900.0,3,4.0,Semi-Furnished,Chittaranjan Park,28500000.0,New_Property,Builder_Floor,6878.0
1250,1800.0,3,3.0,Semi-Furnished,Chittaranjan Park,29000000.0,Resale,Builder_Floor,6878.0
1251,1200.0,3,2.0,Semi-Furnished,Chittaranjan Park,15500000.0,Resale,Builder_Floor,12916.0
1252,1800.0,3,3.0,Semi-Furnished,Other,26000000.0,Resale,Builder_Floor,12916.0
1253,1200.0,3,3.0,Semi-Furnished,Chittaranjan Park,16500000.0,Resale,Builder_Floor,12916.0
1255,1050.0,3,2.0,Semi-Furnished,Chittaranjan Park,12500000.0,Resale,Builder_Floor,12916.0
1256,875.0,3,3.0,Semi-Furnished,Chittaranjan Park,17500000.0,New_Property,Builder_Floor,12916.0
1257,990.0,2,2.0,Unfurnished,Other,11500000.0,Resale,Builder_Floor,12916.0
